district_area_id,district_area_name,mission_count_all,mission_count_ems,mission_count_ems_critical,mission_count_ems_critical_cpr,mission_count_fire,mission_count_technical_rescue,mission_count_ems_critical_timegoal_reached,mission_count_fire_timegoal_reached,response_time_ems_critical_mean,response_time_ems_critical_median,response_time_ems_critical_std,response_time_ems_critical_cpr_mean,response_time_ems_critical_cpr_median,response_time_ems_critical_cpr_std,response_time_fire_time_to_first_pump_mean,response_time_fire_time_to_first_pump_median,response_time_fire_time_to_first_pump_std,response_time_fire_time_to_first_ladder_mean,response_time_fire_time_to_first_ladder_median,response_time_fire_time_to_first_ladder_std,response_time_fire_time_to_full_crew_mean,response_time_fire_time_to_full_crew_median,response_time_fire_time_to_full_crew_std,response_time_technical_rescue_mean,response_time_technical_rescue_median,response_time_technical_rescue_std
11001,Tiergarten Süd,1724,1367,903,12,141,70,424,50,604.66796875,578.0,200.13081227914105,482.0,457.0,75.16914260519407,627.8782608695652,611.0,144.41006111533528,724.6146788990826,721.0,120.20090498957404,823.15625,783.0,180.71798768088522,827.6034482758621,834.0,248.08260789256872
11002,Regierungsviertel,2258,1979,1251,17,197,81,571,83,609.9722479185939,591.0,199.29596725082575,514.9375,521.0,91.6991230419717,636.3888888888889,639.5,132.34280085677852,751.7986577181208,734.0,169.6160999125303,794.0208333333334,782.5,108.36487867304868,959.1372549019608,855.0,352.8539652381899
11003,Alexanderplatz,5994,5079,3248,40,400,162,1837,125,566.4729344729345,538.0,187.1664699545502,463.90909090909093,448.0,111.3163744795559,594.7178571428572,579.0,155.45874662495433,690.4872727272727,668.0,141.851864562159,726.9852941176471,687.0,163.54222403218793,919.957264957265,818.0,432.45684243837036
11004,Brunnenstraße Süd,1260,1123,777,11,69,68,468,23,551.0856313497823,510.0,200.49635337021326,384.125,400.5,72.47154614053711,531.9038461538462,527.0,88.98981206623436,663.9387755102041,633.0,131.31139963258858,720.9583333333334,701.5,113.94906534392297,861.0384615384615,659.5,458.45819881460494
12005,Moabit West,2481,2276,1636,21,100,105,839,22,595.8480055020633,566.0,195.47149733208434,484.6666666666667,456.0,117.46529375988142,603.6440677966102,556.0,200.06074618094894,695.6379310344828,681.0,138.63035518276806,741.4166666666666,712.5,204.28431097405627,877.3586956521739,799.5,377.684343506781
12006,Moabit Ost,3729,3409,2194,28,229,89,1242,97,577.3775141825683,539.0,193.46350239605673,481.8695652173913,453.0,122.10587966925415,564.4870466321244,552.0,143.7561994608222,671.125748502994,654.0,143.15452850614219,743.8407079646017,732.0,141.45339757393103,854.4444444444445,753.0,373.1336236463576
13007,Osloer Straße,2451,2182,1598,25,73,93,742,11,628.3453389830509,590.0,195.00199895548272,444.1764705882353,444.0,107.84956843569057,604.9047619047619,581.5,112.58055317141125,762.8536585365854,736.0,147.96394171817838,793.3333333333334,749.0,137.7822643918744,884.2307692307693,759.0,393.2761801153914
13008,Brunnenstraße Nord,2745,2502,1797,20,122,119,1044,22,571.3920454545455,531.0,204.85348374881428,430.0833333333333,406.5,96.60459083137287,526.0602409638554,507.0,166.31122378251803,691.3857142857142,668.0,212.55862228783545,716.6666666666666,717.5,149.16336730218828,825.9387755102041,608.5,427.4069698336736
14009,Parkviertel,3438,2674,1996,31,123,97,1091,16,590.6057046979865,552.0,207.39364966544008,409.84,422.0,73.07740188777012,590.6164383561644,555.0,188.13962236542622,755.1212121212121,760.0,168.71054092749102,847.2857142857143,791.0,265.6972229544642,938.96,930.0,379.45296471688334
14010,Wedding Zentrum,3663,3350,2414,38,120,115,1381,18,580.5514636449481,536.0,214.13461732411128,438.16,428.0,97.55497595373252,533.2714285714286,525.5,127.64442475816428,729.6071428571429,707.5,161.07216661218305,734.2,721.5,96.12688982469172,890.8,787.5,413.98608238018625
21001,Südliche  Friedrichstadt,3201,2870,1998,22,195,136,1147,37,569.5065303804656,539.0,188.42351380313653,434.3333333333333,380.0,148.1970071937233,564.5714285714286,539.0,153.80041939885575,719.4867256637168,695.0,162.47126751720526,756.5,742.0,123.89314600859474,781.4220183486239,690.0,367.85527784256305
22002,Tempelhofer Vorstadt,3653,3129,2161,21,148,155,1187,32,582.0401267159451,550.0,187.16035051316305,440.1764705882353,412.0,110.52784450881462,559.0761904761905,552.0,164.0109456501007,725.3095238095239,716.0,154.13809925889183,770.7222222222222,770.0,128.58140525666136,787.0530973451328,676.0,347.34034977824103
23003,Nördliche Luisenstadt,1530,1436,950,16,47,47,596,7,540.5207823960881,498.5,197.44208250662356,375.45454545454544,368.0,88.62320648268562,565.2083333333334,516.0,172.44280190119923,714.9166666666666,619.0,300.157337968326,718.1111111111111,626.0,201.88700084728364,680.5882352941177,582.0,254.60594837573336
23004,Südliche Luisenstadt,1574,1437,933,13,68,68,565,6,548.3694581280788,499.0,199.52050153647917,399.1818181818182,383.0,74.44705257002211,535.5714285714286,522.0,137.216506834634,658.2083333333334,677.0,223.09970069293092,791.75,804.0,133.88988012542245,852.0943396226415,631.0,459.86566868660105
24005,Karl-Marx-Allee Nord,1593,1313,979,24,57,48,579,11,561.7250859106529,548.0,172.95026337541893,497.7894736842105,490.0,136.81844374830317,605.7142857142857,571.0,184.64091883318554,704.1333333333333,673.5,137.31783753666937,736.6666666666666,713.0,100.71231154615455,941.8,841.0,436.1524827801558
24006,Karl-Marx-Allee Süd,2420,2203,1426,12,129,87,898,31,546.4897959183673,514.0,179.03813521929325,386.0,384.5,91.48301950166957,554.974358974359,487.5,191.86785051506692,701.5432098765432,686.0,154.51950114651515,825.7073170731708,790.0,203.89301654328906,711.179104477612,565.0,397.4435704322989
25007,Frankfurter Allee Nord,1363,1246,821,12,65,52,450,14,595.8476821192053,574.0,173.24198238533478,488.57142857142856,458.0,91.2795288164459,621.2105263157895,591.0,171.13107950541442,655.4375,651.5,122.79616929508991,768.6666666666666,742.0,124.90320061475417,889.4857142857143,681.0,480.64793104042946
25008,Frankfurter Allee Süd FK,2884,2618,1728,30,148,118,911,34,590.4257294429708,556.0,186.80447052154076,481.6842105263158,480.0,102.20298573132617,584.632911392405,535.0,171.76438671616194,711.3483146067416,669.0,188.2408455533155,782.275,774.0,133.83935788081445,1005.3717948717949,904.5,463.8533721796694
31001,Buch,1275,1078,819,14,48,31,343,1,653.0871491875923,599.0,216.25029280753816,522.2222222222222,509.0,96.22600711057507,769.7666666666667,755.5,119.83082423475861,795.8,817.0,162.67811291336224,1024.857142857143,985.0,113.40550923041404,883.9230769230769,848.0,233.706533048915
32002,Blankenfelde/Niederschönhausen,1287,1220,912,26,30,36,229,3,717.1367741935484,681.0,213.77790856060676,489.1666666666667,493.5,77.7312489210326,612.2105263157895,627.0,115.4573413032654,875.6923076923077,849.0,134.5507243975202,880.1428571428571,924.0,202.99460466674853,659.5652173913044,648.0,178.55017784338702
32003,Buchholz,835,803,636,12,14,18,169,0,724.7035087719298,687.0,219.5506710891956,617.1,493.5,284.68791880076526,704.625,664.5,222.96184010466263,872.3333333333334,758.0,265.12688786063677,1117.0,1117.0,,952.8,897.0,363.79216986782836
33004,Karow,811,765,585,9,17,29,242,1,653.8461538461538,598.0,230.19253089979117,592.6666666666666,557.0,171.78552519542114,592.4615384615385,580.0,109.59973797460722,803.8571428571429,698.0,265.10528007531184,1232.0,1204.0,346.4794366192603,939.6875,934.5,341.38652946476964
33005,Blankenburg/Heinersdorf/Märchenland,978,915,684,10,35,28,236,8,679.2322580645161,654.0,193.93641245436183,494.57142857142856,483.0,113.21492413820293,662.0909090909091,636.0,157.2831565743495,753.5,655.0,233.085821104588,753.125,748.5,110.21723679041443,885.5,870.0,256.2083737297256
34006,Schönholz/Wilhelmsruh/Rosenthal,852,799,618,13,31,22,208,4,692.9516728624535,656.5,219.64217024237203,542.7,559.5,119.78874923983658,632.6190476190476,580.0,216.44987322483613,854.0666666666667,848.0,260.44452841431007,751.75,797.0,129.4716828757032,689.5,656.0,218.7343840579957
34007,Pankow Zentrum,1906,1639,1271,22,49,64,595,7,640.8091068301226,591.0,216.34797332345119,455.84615384615387,441.0,73.55479380915762,558.9310344827586,567.0,159.05276102028958,778.3,730.5,184.44200343625351,818.75,851.5,187.7884447989279,932.1489361702128,778.0,413.4207762139748
34008,Pankow Süd,1676,1547,1175,16,56,73,494,7,650.8088097469541,618.0,216.6907536942324,472.2142857142857,451.0,136.59776919646436,669.4102564102565,623.0,191.01401408338685,706.6470588235294,690.5,112.37676950518146,845.3,793.0,196.06804374445568,921.44,869.5,395.2923051750593
35009,Weißensee,1895,1652,1185,15,65,70,591,11,614.3557603686636,580.0,192.12768825589689,485.2,518.5,127.3820151268529,571.2,547.0,170.64856674854707,667.1578947368421,647.5,185.0048248188649,805.3846153846154,786.0,142.77986462939984,638.6538461538462,601.5,251.96956590386029
35010,Weißensee Ost,1097,1006,761,9,38,16,342,6,642.6873198847262,607.5,198.13479876730713,464.2857142857143,455.0,116.46704009534812,580.15,570.5,131.54477924786076,608.5555555555555,551.0,143.40900875066976,874.1,827.5,179.1916726735803,703.4,716.5,277.3077712578571
36011,Prenzlauer Berg Nordwest,1184,1066,751,12,64,54,342,5,621.745508982036,596.0,196.76954281163853,513.375,550.5,113.31616641692645,587.3513513513514,598.0,91.45770613793027,663.1785714285714,650.5,193.20648205739553,694.4,702.0,112.89508403823436,966.5526315789474,1018.0,352.54033293261494
36012,Prenzlauer Berg Nord,1135,1045,791,11,42,48,377,4,599.4663805436338,578.0,185.06387017936072,480.77777777777777,494.0,103.14162323933265,617.7142857142857,585.0,104.72303607952878,698.6363636363636,698.5,115.84289256391935,748.4,703.0,182.48095791068175,802.0909090909091,716.0,245.24393005184191
36013,Helmholtzplatz,652,600,412,2,27,25,196,3,614.0698324022346,579.0,203.87463368019846,435.0,435.0,161.22034611053283,504.8125,481.0,106.10260364383147,614.9333333333333,632.0,170.48940757489333,787.6666666666666,784.0,95.55277773740193,936.15,780.5,409.7288288098541
36014,Prenzlauer Berg Ost,2016,1868,1339,20,74,74,636,9,613.3196994991653,591.0,177.05694951343767,476.8235294117647,500.0,107.55477400731549,621.4285714285714,609.0,112.71888137524876,709.0,712.0,85.22421408652983,768.0909090909091,719.0,117.56908993902653,933.3333333333334,898.5,339.8188284339055
37015,Prenzlauer Berg Südwest,1052,971,641,10,38,43,334,11,577.2391304347826,554.5,172.79359630316284,410.77777777777777,419.0,80.47325297541069,533.8461538461538,553.5,122.36394642465316,629.5909090909091,581.5,123.48150395173286,735.6666666666666,713.5,169.68919895628082,939.7567567567568,775.0,423.20748821125324
37016,Prenzlauer Berg Süd,1073,968,723,8,46,59,360,5,608.8897396630935,585.0,187.9066961933999,427.1666666666667,469.5,113.59122618700208,616.8076923076923,597.5,126.86465835078555,713.8333333333334,710.0,158.37810198510968,761.3333333333334,735.5,165.40818198223045,900.7755102040817,797.0,290.9493989014042
41001,Charlottenburg Nord,1486,1385,1010,17,45,55,269,4,693.4082969432314,672.0,183.94034818562335,565.4666666666667,587.0,68.8796742429109,748.2352941176471,638.0,359.49678882636846,829.6470588235294,826.0,149.16347625024977,834.4,780.0,190.51850303841883,868.25,814.5,334.1985246020003
42002,Heerstraße,1164,1056,730,8,29,33,171,4,731.3892307692307,696.0,217.14485918030982,547.125,532.5,42.68970267272558,691.4166666666666,671.5,116.22662684548143,803.3076923076923,815.0,116.67289360671613,747.75,734.5,109.13714613579863,999.9629629629629,933.0,363.3805466070269
42003,Westend,2087,1712,1297,18,62,88,566,10,636.8614035087719,602.0,208.97508599999313,474.1666666666667,437.5,112.74979002869652,648.6176470588235,642.5,144.98213363405773,739.6129032258065,787.0,152.48162237230528,817.6,793.0,99.63848940760077,941.7384615384616,854.0,326.00854460250906
43004,Schloss Charlottenburg,2546,2265,1597,33,95,117,886,13,573.163421418637,544.0,210.00204889474466,452.22727272727275,413.0,106.40172385740205,558.5333333333333,513.0,171.90240360052087,710.8837209302326,703.0,220.52234627101322,742.6153846153846,829.0,145.46508083931946,869.0333333333333,876.0,344.8416490526461
43005,Mierendorffplatz,1132,1056,668,8,37,39,306,13,617.2286689419795,595.0,192.8178687962143,423.0,422.0,111.49215219018781,654.5909090909091,604.5,218.95088796803574,698.45,668.5,101.53115933441063,769.5625,711.5,173.29164963532818,895.75,808.5,334.7067083958152
43006,Otto-Suhr-Allee/Kantstraße,3209,2950,2120,34,137,121,1189,49,582.0828433992517,544.0,195.7519796025775,453.36,438.0,75.25948445212737,532.8988764044943,520.0,115.87532925753163,651.6630434782609,624.0,151.89913347703802,678.4909090909091,643.0,123.9993836196259,835.9705882352941,765.5,343.57567820079424
44007,Grunewald,1265,1053,779,12,39,55,260,5,659.8957415565345,638.0,180.86964593340227,540.75,551.0,110.61354864055822,748.1,743.0,133.6952150464473,793.1851851851852,808.0,123.66674729879645,902.125,867.5,283.0948541188473,1044.3055555555557,987.5,407.43068258430316
44008,Schmargendorf,1848,1753,1313,18,38,57,521,8,656.2824232081912,622.0,195.92014075242307,568.7333333333333,539.0,87.35842969110216,642.5416666666666,601.5,116.73454805731221,787.1363636363636,758.0,129.01321285399064,771.8888888888889,746.0,121.08307524634114,1013.8,953.0,436.2661619958212
45009,Halensee,1601,1475,1112,11,52,74,685,9,573.5542406311637,534.0,186.26944075053638,461.8888888888889,445.0,53.52673267733714,586.3333333333334,557.0,186.41709506730686,705.2692307692307,647.0,236.6850325123763,693.8181818181819,652.0,145.69956635612763,843.0535714285714,798.0,305.918909020191
45010,Lietzenburger Straße,3626,3195,2133,36,268,163,1264,68,568.0979020979021,527.0,201.08206500973222,465.5483870967742,450.0,135.03156142415432,532.3620689655172,501.0,145.1858324760512,655.8529411764706,660.5,123.2634961711687,708.6231884057971,710.0,123.8422978973989,722.46875,664.5,256.0670414645536
45011,Volkspark Wilmersdorf,2858,2472,1838,22,117,129,1173,25,553.6180811808118,519.0,190.79674538171318,414.8333333333333,396.0,130.37919808818293,556.5625,538.0,142.96027984697025,627.0470588235294,638.0,134.18057359592788,709.4444444444445,696.0,123.75731006640292,735.7129629629629,674.0,318.9618982585091
51001,Hakenfelde,1715,1603,1192,24,60,47,411,8,685.3286384976526,646.0,211.5551905819101,569.5,560.5,131.43279251149016,731.6585365853658,700.0,215.13677158450827,734.2121212121212,715.0,118.87907657987947,895.7692307692307,894.0,166.4387544244398,1112.7714285714285,984.0,385.99619669829156
51002,Falkenhagener Feld,2673,2321,1768,25,72,71,697,14,643.5518151815181,614.0,195.2028323596613,546.7894736842105,547.0,98.11250851693369,676.7454545454545,690.0,150.9178361426948,748.0,752.0,146.43756616494866,843.9,847.0,179.64904382536642,1037.9375,972.0,372.49883085636895
51003,Spandau Mitte,3034,2675,1867,25,112,110,1088,22,563.1282995702885,526.0,195.5293894242443,420.8,401.5,108.78496413132024,597.0574712643678,561.0,175.29638399020894,618.6478873239437,592.0,160.4945124644052,766.0,693.5,229.52228649959022,913.1486486486486,723.5,463.54065248368255
52004,Brunsbütteler Damm,1227,1147,882,8,43,36,250,6,700.9653739612188,678.5,215.57698643301632,796.2,765.0,245.0279575885168,693.7096774193549,693.0,158.30207274877716,809.125,819.5,159.96421135067516,856.7,878.5,79.46774328129761,984.0909090909091,964.5,364.5620868268053
52005,Heerstraße,1610,1495,1174,22,47,68,308,7,711.0235756385068,666.0,208.94110858709772,535.5,536.0,78.39642849007855,661.6538461538462,611.5,170.95986483562564,737.5806451612904,695.0,179.21621470420365,871.1111111111111,816.0,175.02888650480273,1009.1111111111111,907.0,405.5965988640696
52006,Wilhelmstadt,2639,2480,1822,19,74,83,1021,11,585.4470365699874,535.0,210.24856860403446,451.125,470.5,103.01189251732053,557.795918367347,508.0,242.3581182527072,636.6785714285714,554.5,250.88216046893103,798.6428571428571,758.0,288.27380337846466,900.8727272727273,672.0,490.1625223499837
53007,Haselhorst,1131,1034,778,13,44,53,353,13,620.1079881656805,588.0,214.09219584393986,413.85714285714283,408.0,59.52150471728285,766.40625,710.5,214.27219038545493,770.9310344827586,774.0,135.25476781521888,764.0,725.5,118.5275041109414,1027.3684210526317,1024.5,288.6855973389616
53008,Siemensstadt,807,715,522,4,57,34,236,14,635.1843817787419,590.0,206.49452739115713,746.0,418.0,673.8018996708157,781.1282051282051,761.0,165.41131818450563,827.1081081081081,821.0,108.66252133805631,847.578947368421,847.0,82.6218398551656,1020.5185185185185,983.0,259.9399886912318
54009,Gatow/Kladow,988,833,636,13,21,32,214,0,693.6255144032922,623.0,262.13824889405197,611.0,585.0,129.1154522123514,814.3333333333334,791.0,111.30363875453489,963.5,903.5,165.25233230830156,1026.0,974.0,155.65667348366404,1068.0,984.0,322.91154619596165
61001,Schloßstraße,1408,1310,915,12,52,46,445,11,615.8212974296206,583.0,203.5571591614102,452.0,411.0,85.48537886679803,589.6071428571429,550.5,164.04072197356504,777.8846153846154,780.0,164.22041941806796,881.5625,841.5,207.93587753600067,898.0,727.0,417.7600587258991
61002,Albrechtstraße,2375,2241,1732,27,57,77,876,4,596.3287401574803,572.5,193.73008939896226,444.1578947368421,403.0,140.73586890100773,572.8571428571429,526.0,129.73052225039928,765.5925925925926,741.0,176.59738199541727,907.6666666666666,764.5,270.8155583910693,830.578947368421,725.0,351.36763141475484
62003,Lankwitz,2572,2352,1813,21,59,78,826,8,637.2637430512663,596.0,194.8699867388326,512.6470588235294,506.0,76.53180807389057,700.6774193548387,650.0,200.570251549056,783.1724137931035,763.0,125.10654572503886,826.1,782.0,149.5864298658137,986.3220338983051,825.0,414.6528436090042
62004,Ostpreußendamm,2112,1913,1454,28,40,77,426,3,692.9813765182187,672.0,221.22691360411787,576.6315789473684,596.0,99.53403132503406,664.7391304347826,565.0,259.4969289345872,869.9545454545455,822.5,213.49795968083342,977.75,861.0,297.30946279368015,840.4107142857143,707.0,384.72648025628484
63005,Teltower Damm,1932,1650,1240,19,47,76,420,3,691.0745856353591,658.5,226.45530776164776,604.8571428571429,572.5,130.64506063426919,664.9629629629629,651.0,162.28310530614783,754.5,654.5,274.4724758514048,892.0,1017.0,235.38691552420664,1045.4464285714287,912.0,446.0171590520158
63006,Drakestraße,2286,2031,1505,26,66,49,581,12,659.0060606060606,623.0,209.03591101445465,539.3888888888889,495.5,144.4649922539302,664.8108108108108,612.0,170.87939831579692,805.8333333333334,782.0,129.5051811860166,840.6111111111111,836.0,147.76855467803017,1173.0555555555557,1029.5,482.15065484582095
64007,Zehlendorf Südwest,1593,1432,1057,16,36,60,298,3,721.8488636363636,662.5,245.68329849908812,588.8181818181819,602.0,143.4557898321418,748.8260869565217,703.0,207.76158805312338,1221.8333333333333,1336.0,391.84405911876047,936.0,814.0,295.59882724169705,1000.1136363636364,903.5,444.48837669732995
64008,Zehlendorf Nord,2142,1907,1432,26,60,69,547,9,663.9626459143968,629.0,213.21297509037254,513.3333333333334,520.0,79.97737775384331,691.6,673.0,134.127720679006,805.03125,737.5,198.15397798665433,778.5,769.0,80.27902728746919,1038.392857142857,914.0,423.9066654806941
71001,Schöneberg Nordwest,1994,1823,1283,15,91,80,706,35,582.5839100346021,560.0,176.925588733459,481.53846153846155,464.0,68.34058748237315,549.6769230769231,527.0,130.22349870658752,675.4776119402985,683.0,152.10008250241376,737.1891891891892,741.0,88.12675146812302,810.15,749.0,277.24142480357915
71002,Schöneberg Nordost,1118,1009,733,12,47,62,427,19,592.8619119878604,555.0,185.59036843028656,447.8333333333333,435.5,85.3731027119588,574.84375,556.0,94.80067693204619,688.6363636363636,673.0,145.0997110140597,750.1904761904761,714.0,122.44860923980272,820.9148936170212,755.0,291.29850443557285
72003,Schöneberg Südwest,1115,1028,759,12,33,54,442,7,576.2921013412816,542.0,172.82297364962832,496.5,507.0,106.98598038995577,558.6086956521739,538.0,99.5689524128128,619.047619047619,598.0,128.4104653797642,653.5714285714286,649.0,77.05594751619792,858.325,810.5,343.8111726455343
72004,Schöneberg Südost,1851,1696,1139,17,89,65,724,23,550.0176297747306,510.0,193.33495693029573,378.0,385.0,107.5757661118221,525.8870967741935,479.5,145.87026628095163,675.1320754716982,646.0,127.57743315876371,707.68,694.0,98.27542927914382,827.9491525423729,764.0,315.0461610254212
73005,Friedenau West,1054,972,736,15,47,35,409,17,584.0398773006135,560.0,207.40370394578377,427.8181818181818,435.0,118.00069337238504,603.9666666666667,583.5,89.4918541210483,723.7272727272727,712.0,114.19836708751373,744.0,753.0,64.87776969039544,810.2857142857143,741.5,271.99780188965536
73006,Friedenau Ost,1416,971,721,7,33,57,375,11,603.8732394366198,563.0,201.0811090908841,480.6666666666667,475.0,51.73329037798904,594.6086956521739,565.0,145.19946754549093,683.3636363636364,704.0,117.67976945307184,766.8333333333334,777.0,102.51991676417482,858.6666666666666,759.0,341.2517607685596
74007,Tempelhof Nord,1639,1269,814,10,50,43,406,5,624.0108991825613,582.0,216.47642090708214,496.0,479.0,85.89528508596965,608.1724137931035,568.0,170.62554426192992,742.45,633.0,301.0061155175213,847.125,759.5,179.86617048715493,904.2,662.0,469.823170740552
74008,Tempelhof Südwest,1883,1737,1280,6,67,79,718,11,579.0043440486534,545.0,202.1993355218078,526.2,531.0,172.6490660270133,544.7619047619048,535.0,104.22438493843744,736.4545454545455,719.0,152.10236908680346,667.2727272727273,660.0,76.26282306483404,856.4727272727273,686.0,396.21528260322094
74009,Tempelhof Südost,1265,1133,834,12,49,53,432,12,602.5160427807486,561.5,216.50683881808934,417.85714285714283,424.0,62.68021636696482,568.6,545.0,155.3699948320706,731.24,724.0,117.84957926667934,814.0,813.0,125.02285505344328,1009.90625,910.5,417.5639305408331
75010,Mariendorf Nord,1807,1722,1305,13,43,42,644,6,627.5785953177258,587.0,208.95597745019737,546.9,564.5,152.8328426019021,652.1739130434783,629.0,125.03477777072231,712.5,710.5,99.1593613703135,999.1428571428571,653.0,827.4658962904813,1072.103448275862,929.0,483.4970338827313
75011,Mariendorf Süd,1439,1355,1044,9,29,55,528,4,606.9967845659164,571.0,194.86981730838775,439.42857142857144,441.0,106.67061004615586,645.7222222222222,544.5,245.28921838025164,839.2857142857143,778.0,138.77786820417978,817.0,777.0,103.82292617721772,892.5,689.0,526.5019682590419
76012,Marienfelde Nord,905,854,636,5,29,22,253,4,663.5232142857143,619.5,209.0721118168572,548.3333333333334,545.0,113.03686714224403,700.7142857142857,684.0,187.70944346205698,854.6363636363636,835.0,283.5948775021413,932.4285714285714,876.0,115.47706430695396,969.9285714285714,798.5,414.7993888219135
76013,Marienfelde Süd,943,892,674,11,28,23,195,1,693.155668358714,660.0,202.23752471847533,581.125,615.0,83.46673845653383,794.6666666666666,734.0,213.2628866529041,1067.1538461538462,1111.0,211.93192545164362,1183.0,1177.0,304.94964455510643,1000.4,856.0,404.54768392790055
76014,Lichtenrade Nord,999,962,770,19,16,21,203,0,722.6931297709924,693.0,218.08867160770788,583.2352941176471,559.0,145.70926935672483,707.0,736.0,187.78474674773537,1016.0,1014.5,100.35337562832652,1038.0,1038.0,46.66904755831214,958.1818181818181,888.0,229.20812297203526
76015,Lichtenrade Süd,1860,1772,1382,16,36,52,400,0,746.5053380782919,707.0,258.96449209075274,581.9090909090909,562.0,235.78780907648914,689.8260869565217,701.0,198.6631805054413,1011.4285714285714,983.5,198.06747656979243,1064.909090909091,1025.0,122.18465905788217,995.2352941176471,924.0,252.125757320541
81001,Schillerpromenade,1909,1752,1245,22,93,63,616,5,611.272972972973,576.0,196.70507299808585,469.7142857142857,465.5,64.79485802417987,550.3333333333334,542.5,140.73065745855783,628.7222222222222,584.5,174.0127435581513,782.0,698.0,154.6997091141415,955.4888888888889,890.0,396.6754811854866
81002,Neuköllner Mitte/Zentrum,2638,2398,1719,31,130,108,843,23,607.8233355306526,573.0,213.85682251657983,425.94444444444446,394.0,108.67191434460084,539.5,531.5,114.77617604814724,680.2948717948718,633.5,190.45789724427453,771.2592592592592,757.0,143.8628065988813,913.1309523809524,781.0,417.41842229514884
81003,Reuterstraße,2317,2088,1482,21,118,111,756,14,618.6630934150077,571.0,208.49125189270526,414.375,423.0,93.68235337209101,547.5555555555555,553.5,131.44986608074106,745.82,679.0,236.12809477666383,728.7333333333333,714.0,91.46386223661285,875.7882352941176,751.0,378.0514922762836
81004,Rixdorf,2286,2065,1458,11,115,106,617,15,641.6467854376452,612.0,202.18516138392704,492.5,496.5,69.98214057886484,606.025,586.0,123.05056848736335,690.2641509433962,619.0,202.47071497107882,785.7272727272727,753.0,159.6726358815143,955.8488372093024,975.5,305.42431497034187
81005,Köllnische Heide,1168,1038,745,6,61,69,213,9,702.9118942731277,665.0,203.77963412664377,524.2,507.0,90.6625611815594,658.275,655.5,197.21795667711763,668.9642857142857,650.5,182.05239012801437,822.0833333333334,761.0,218.3964111981752,872.2833333333333,826.0,255.92736599798516
82006,Britz Nord,1376,1272,926,13,49,55,405,14,640.5441527446301,606.0,204.4980563170549,456.0,476.0,121.27654348636428,583.8611111111111,575.0,149.24383744688762,687.1612903225806,641.0,200.29313464256893,738.9333333333333,726.0,90.67246129942232,910.531914893617,889.0,347.4889332653712
82007,Britz,1545,1452,1082,23,45,47,413,5,673.9794026776519,634.0,224.9157633565081,536.6190476190476,523.0,143.82366849391522,631.8333333333334,613.5,125.24012230628854,778.3333333333334,728.0,190.04139899856906,824.7142857142857,785.0,190.89064433658896,962.53125,824.5,433.01530810867604
82008,Buckow,1387,1314,1048,20,28,45,236,4,729.0290010741138,694.0,205.3298793967579,580.0625,553.5,122.03139964779557,749.625,734.0,156.3866469150526,983.0714285714286,918.0,281.90600296108363,867.6,837.0,171.02719082064115,1000.9354838709677,905.0,370.297442198734
83009,Gropiusstadt West,1486,1407,1080,11,41,38,523,6,645.4145833333333,574.0,240.20056139246816,422.3333333333333,415.0,35.04996433664377,645.5,638.0,107.12633957892403,849.5625,835.5,122.78271797502015,851.3333333333334,829.0,106.00235846432852,903.2692307692307,877.0,327.66147868705076
83010,Gropiusstadt Ost,1243,1162,932,13,45,36,425,9,652.4465786314526,596.0,211.52688918209472,541.75,544.5,56.10385777415719,676.4761904761905,663.0,210.22383762257292,872.5,863.0,189.84776509889042,781.4444444444445,808.0,94.59005115643916,826.7857142857143,674.0,362.1401771917995
84011,Buckow Nord,1023,647,485,8,21,22,249,6,607.7396313364055,546.0,265.04506383296314,418.0,416.5,27.98809270624445,639.8666666666667,675.0,121.6575208565109,863.8,767.5,321.6968206937154,897.2222222222222,818.0,339.28151208759436,808.75,637.5,460.1209574172268
84012,Rudow,2264,2123,1634,27,54,87,601,4,676.4971181556195,630.0,223.0933199530966,497.7391304347826,474.0,111.00336497409938,591.0,599.0,170.8063596591181,802.1904761904761,803.0,143.3501374424242,913.6666666666666,912.0,122.18121786919625,866.328125,788.5,387.8139815372747
91001,Alt-Treptow,776,719,486,8,36,20,171,2,682.3646788990826,638.0,214.4094107990762,585.0,587.0,68.02205524680947,694.2352941176471,720.0,141.3429028160614,813.0,785.0,230.77261535979522,807.0,807.0,22.627416997969522,917.5,861.0,320.40126496041694
91002,Plänterwald,681,641,482,7,20,19,102,5,714.9787735849056,696.5,177.53384659792073,572.6666666666666,575.5,90.20125645835908,689.6666666666666,690.5,171.8896756819926,795.125,796.5,76.63538440470658,983.4285714285714,765.0,502.2382758355696,1056.6666666666667,1047.0,223.44954009730466
91003,Baumschulenweg,1195,1140,859,13,27,28,269,2,686.1636597938144,660.0,192.7052176845418,520.2,540.5,97.09422685664109,634.4,629.5,87.4560942476431,793.0,749.0,245.7182421910399,887.3333333333334,776.0,288.5833213013762,983.4615384615385,893.0,414.956019912398
91004,Johannisthal,1180,1123,877,11,27,30,380,1,651.1666666666666,613.5,218.05649429264042,510.3333333333333,454.0,155.63980853239315,589.6,593.0,124.72987956838107,714.3571428571429,639.5,281.49835554728236,840.0,840.0,131.52186130069785,780.7619047619048,656.0,330.18205656302774
92005,Oberschöneweide,1438,1319,996,18,56,63,227,4,720.8045197740113,681.0,208.75814987185424,577.375,574.5,119.80143293522546,674.2222222222222,650.0,144.59087327670665,833.7692307692307,802.5,241.8484331464329,942.5555555555555,931.0,221.704821277702,1068.1707317073171,975.0,389.74510275557174
92006,Niederschöneweide,1104,1049,746,14,31,24,256,1,686.3796296296297,641.0,218.44904551995606,534.9,511.5,93.27194409658007,534.0,497.5,108.73538805460076,630.1666666666666,588.5,174.2739918703426,882.5,882.5,159.0990257669732,743.3333333333334,630.5,292.8462756745774
92007,Adlershof,1267,1160,834,11,47,60,253,3,674.9041095890411,656.0,213.0293207009002,511.1111111111111,523.0,88.50345253780279,644.3793103448276,596.0,223.20848898877088,735.1290322580645,716.0,126.75875826032268,909.0,886.0,178.82393575805224,761.219512195122,635.0,283.6676322913069
92008,Köllnische Vorstadt/Spindlersfeld,660,613,452,14,18,29,204,2,644.0423940149626,597.0,198.39401628641522,459.4,451.5,85.38696231470782,610.1666666666666,598.5,68.4196055545662,748.4615384615385,698.0,203.74846231919372,846.0,849.5,181.44053203919643,726.4375,652.0,175.19625899735036
93009,Altglienicke,1363,1289,1010,15,25,49,185,3,755.313003452244,739.0,207.93421300740857,674.8181818181819,662.0,108.75644181547885,712.5555555555555,706.0,122.15622698352169,978.4444444444445,993.0,153.89615907415552,923.4,826.0,189.6649677721218,936.7586206896551,876.0,282.6967905184955
93010,Bohnsdorf,883,697,533,5,38,28,187,1,694.9642058165548,637.0,238.62090423019245,577.75,611.0,140.04374316619788,779.7916666666666,745.0,156.45696148494466,972.4,992.0,130.77493388770395,1007.0909090909091,977.0,113.800223677684,980.3333333333334,967.0,293.5841730520681
93011,Grünau,531,497,358,8,21,13,102,0,680.6785714285714,653.5,184.68586921718264,621.2857142857143,627.0,59.86015448725549,593.7857142857143,574.0,119.27871598869635,880.875,818.0,189.5554479753691,994.5,966.5,80.66597795849252,911.7777777777778,878.0,407.48827522328105
93012,Schmöckwitz,215,198,144,4,3,14,6,0,950.5391304347826,900.0,274.76402273991346,916.3333333333334,812.0,205.43693273930404,815.3333333333334,738.0,253.02437300254957,1121.0,1121.0,223.44574285494903,1129.5,1129.5,144.95689014324225,676.25,612.0,360.04015979702416
94013,Köpenick Süd,643,606,471,7,24,13,100,2,740.6370370370371,689.0,222.06538175361177,608.3333333333334,621.0,72.11842113265284,633.3888888888889,603.0,112.63952857985873,708.3125,698.0,146.55407136389402,1057.5714285714287,1024.0,254.44963951167048,797.0,752.0,304.96983457384766
94014,Allende-Viertel,934,760,590,5,22,20,270,2,630.1154598825832,594.0,197.79710434183204,527.0,520.0,49.678969393496885,630.1428571428571,638.5,105.87500405438709,735.6,745.0,126.27236875544511,854.5,854.5,47.37615433949868,1055.7222222222222,998.5,364.1625050240064
94015,Altstadt Köpenick,475,452,328,4,8,15,198,2,563.2071428571429,515.5,217.17599345962853,474.5,488.5,87.64511775716127,587.6666666666666,583.0,110.6556219388182,682.3333333333334,609.0,173.07320223920667,868.5,868.5,14.849242404917497,806.0909090909091,670.0,406.79268787564376
94016,Müggelheim,261,243,199,2,6,12,29,0,884.7289156626506,894.0,257.1868887888294,711.0,711.0,,1089.0,1089.0,,893.0,893.0,,,,,778.0,777.0,67.50555532695068
95017,Friedrichshagen,1119,1067,828,17,27,25,314,1,642.9794117647059,621.0,212.6150930172653,569.3076923076923,616.0,169.7578592266961,631.6923076923077,661.0,114.62139461097173,900.9090909090909,887.0,127.15774026417309,941.0,941.0,125.86500705120545,848.0,785.5,454.425111341992
95018,Rahnsdorf,537,507,390,8,9,20,113,1,727.5302013422819,663.0,258.3673045645923,736.1666666666666,582.0,422.58368007610835,743.0,688.0,157.85753070411306,1312.5,1312.5,4.949747468305833,1152.0,1152.0,462.44783489600206,912.875,755.0,415.2869704880505
95019,Dammvorstadt,851,772,533,9,33,44,278,4,623.7803347280335,576.0,203.94089010419532,485.625,475.0,61.23009880769424,651.625,550.0,255.42353715609948,775.6875,610.0,280.0235034778331,791.6666666666666,777.0,103.15942354756866,836.84375,682.5,389.75294982227047
95020,Köpenick Nord,663,639,491,7,7,17,122,1,703.5524475524476,673.0,185.3703924751164,587.0,581.0,39.01922603025334,684.25,723.0,172.65258951624986,975.4,993.0,306.48784641482933,611.0,611.0,,1095.3,1007.5,411.22798488862054
101001,Marzahn Nord,1494,1391,1045,17,57,45,294,1,712.1628151260504,681.0,217.13565459398288,578.3125,567.0,147.90209317878728,791.1176470588235,742.5,171.2532706532854,872.5,771.5,232.7538552695898,1110.6,1025.0,310.57736556291417,983.483870967742,853.0,362.8083856957868
101002,Marzahn Mitte,3294,3109,2339,32,103,81,793,5,678.2142184557439,649.0,199.91806556567306,563.8,533.0,120.20399327809373,666.2777777777778,675.5,151.45762427057127,817.780487804878,790.0,225.63759795246028,954.2727272727273,906.0,301.66242421259267,980.6842105263158,842.0,389.0054240300667
101003,Marzahn Süd,2656,2414,1822,30,132,108,810,16,631.6993263931414,601.0,206.65932550794548,478.94444444444446,472.0,91.08978907211618,620.7948717948718,584.5,182.19173281416343,758.8870967741935,678.0,239.13650020943416,818.3636363636364,805.0,164.0500926559717,809.1216216216217,680.5,373.8800244420479
102004,Hellersdorf Nord,2434,2267,1681,14,84,82,453,5,723.3302387267904,672.0,219.21899668529346,600.2,601.5,77.66995701184739,680.4791666666666,657.0,163.63607644460436,927.5142857142857,878.0,229.85422124731596,992.1818181818181,920.0,193.49719283845857,840.6046511627907,782.0,291.5396844288942
102005,Hellersdorf Ost,1158,1074,784,7,46,38,178,1,753.2183908045977,707.5,221.05223447485798,527.3333333333334,521.5,60.13207685309619,655.8823529411765,572.0,289.9917848734989,846.4444444444445,892.0,195.93309515693815,1135.75,1069.0,261.230900418257,825.0645161290323,779.0,150.04575646201417
102006,Hellersdorf Süd,1558,1458,1113,19,58,42,630,6,599.9475277497477,540.0,215.1065868552804,455.7647058823529,478.0,82.04307512807274,559.75,497.5,234.9738559137228,865.1052631578947,860.0,201.9600881188718,862.3636363636364,859.0,152.87725319829156,721.5217391304348,630.0,303.3173959530627
103007,Biesdorf,1813,1576,1230,20,54,55,445,12,668.4818101153505,651.0,210.06930975213885,531.25,508.0,148.6192001952193,652.5882352941177,626.0,169.40987013696028,824.1153846153846,784.5,181.479988301317,880.7894736842105,814.0,233.4532022929193,904.65625,728.0,421.5623483045711
104008,Kaulsdorf,1046,907,699,10,15,32,240,1,692.8054662379421,665.0,223.24095523101366,508.875,476.5,122.30808582077825,561.2222222222222,531.0,125.98390549766445,805.6666666666666,754.0,236.76641090605176,754.0,754.0,,768.75,702.0,230.48161817331436
104009,Mahlsdorf,1215,1150,865,15,21,44,104,0,810.0065359477125,783.0,215.72389083651436,690.2857142857143,701.0,85.83564668456947,711.7272727272727,712.0,187.88245841966776,1035.6,1091.0,281.3979388694949,,,,941.7037037037037,897.0,267.3644609624753
111001,"Malchow, Wartenberg und Falkenberg",302,281,200,6,9,12,65,1,721.1222222222223,684.5,267.07996115146005,483.6,492.0,99.33931749312556,876.3333333333334,816.0,183.8506640365127,926.5,933.5,114.85207877961983,818.0,818.0,,1046.0,931.5,340.62631388999546
111002,Neu-Hohenschönhausen Nord,1642,1536,1169,20,64,42,406,6,682.1745877788554,642.0,212.75106601720265,571.0,561.0,147.72059775129534,741.5,781.0,196.78281329871288,945.04,905.0,156.93615474665697,920.0,877.5,165.58381563425817,1016.074074074074,839.0,399.51517983348134
111003,Neu-Hohenschönhausen Süd,1705,1600,1192,12,62,42,279,7,718.4666666666667,684.0,200.06544754870646,588.6363636363636,576.0,100.82487066916846,719.5897435897435,727.0,222.8072943562521,898.4090909090909,862.5,218.48584112148495,1075.4545454545455,860.0,639.2588464208162,905.5,881.0,212.23470254771544
112004,Alt-Hohenschönhausen Nord,1064,965,708,10,59,39,248,10,657.2276923076923,648.0,204.31122329767035,507.5,463.0,95.84064154328566,674.4871794871794,661.0,234.73185954177723,877.8214285714286,816.5,224.31840029073567,840.9230769230769,787.0,159.95231661261926,900.6296296296297,836.0,256.29627509345636
112005,Alt-Hohenschönhausen Süd,1880,1757,1346,21,77,46,593,11,648.4852817493692,601.0,203.78294179681927,526.0625,529.0,120.22726742853858,633.1136363636364,618.0,177.96030598816014,746.05,720.5,129.31534701789644,833.2857142857143,817.0,127.9684026934465,968.25,963.0,306.84649939920837
113006,Fennpfuhl,2046,1914,1429,25,86,46,712,13,619.379679144385,581.0,201.5098063713309,487.15,470.5,110.37318276503676,619.3653846153846,572.5,144.26337962161142,764.452380952381,758.0,135.1216619597989,810.0588235294117,803.0,124.63821173111162,851.4857142857143,716.0,301.67750324872844
113007,Alt-Lichtenberg,2541,2011,1469,19,133,76,847,23,586.6510764662212,545.0,214.16422786666766,470.1333333333333,459.0,106.0255135512652,620.1927710843373,593.0,177.21376493853649,766.8169014084507,725.0,188.05738560793122,815.7241379310345,771.0,121.47130659181678,936.3125,852.5,473.8131491062247
113008,Frankfurter Allee Süd,709,665,451,9,24,20,209,6,623.96,595.0,195.98545647029448,464.3333333333333,449.5,110.06119509921136,675.2,643.0,134.5920821275478,800.7272727272727,847.0,139.12015735262156,776.7142857142857,736.0,108.20307186907755,823.6923076923077,750.0,269.89701264722703
114009,Neu-Lichtenberg,1478,1376,978,15,46,56,366,13,654.4306987399771,633.0,193.10706749164362,482.75,502.5,91.7755414040146,683.4545454545455,682.5,93.29100771892283,768.75,771.0,144.1600512290779,792.2857142857143,832.0,86.4722530610285,922.8604651162791,741.0,430.05501206215297
114010,Friedrichsfelde Nord,1145,1076,793,4,28,41,221,7,693.2819807427785,675.0,197.92482361830136,604.5,604.5,258.0939751330898,657.3333333333334,669.0,124.93807990170092,760.4166666666666,750.0,124.66789215083945,744.1428571428571,723.0,65.15476081717172,983.76,939.0,331.18792248510505
114011,Friedrichsfelde Süd,1732,1622,1270,8,61,48,400,7,696.5330396475771,675.0,199.14154057934525,550.2,603.0,118.99663860798759,683.1470588235294,628.5,177.22937241222968,877.6296296296297,861.0,123.34010145439571,913.5833333333334,859.5,146.03888544016647,1018.46875,816.0,436.60730007159344
115012,Rummelsburger Bucht,273,233,155,1,24,16,52,2,667.9640287769785,666.0,198.39279622820365,824.0,824.0,,811.875,835.0,157.72333372079098,966.6363636363636,971.0,171.79713194769738,1150.25,970.5,582.3474049053538,1146.125,1157.5,389.95473638432884
115013,Karlshorst,1189,1128,874,7,23,38,311,3,701.8847184986595,666.0,247.2559581486112,567.0,544.5,193.4290567624213,637.2777777777778,600.0,159.96610139267395,1006.125,985.0,184.99609069228615,890.0,831.0,94.93155429044654,854.5,684.0,424.9569018395308
121001,Ost 1 - Reginhardstraße,1716,1588,1190,17,53,75,450,12,647.4425451092118,626.0,184.9554354246883,542.5384615384615,545.0,129.59270516031845,620.4411764705883,622.0,115.77255423339975,791.2424242424242,801.0,139.25584150741898,781.6923076923077,780.0,113.810796657863,906.1904761904761,792.0,364.48057858533235
121002,Ost 2 - Alt-Reinickendorf,1909,1765,1297,25,76,68,685,13,609.3530419880034,564.0,201.8134732838367,460.6111111111111,497.5,73.53041698659285,645.195652173913,600.5,235.057214743344,730.0,697.5,175.8556490486603,1070.5333333333333,743.0,1080.165653080692,818.6153846153846,670.0,335.9378533706795
122003,West 4 - Auguste-Viktoria-Allee,1787,1690,1247,16,56,41,552,14,640.196113074205,603.5,193.13179179888044,442.72727272727275,443.0,101.06739425659585,596.2432432432432,596.0,120.3117259929863,718.9444444444445,709.0,111.03794575200588,762.6666666666666,742.0,107.5597287003609,835.5277777777778,778.0,281.8567504562873
122004,West 1 - Tegel-Süd/Flughafensee,1498,1409,1052,22,45,44,392,7,689.2672233820459,647.0,233.78869343371645,508.07142857142856,482.0,140.7116332655681,616.8695652173913,580.0,312.85130135400306,831.9130434782609,849.0,192.46508846198535,871.7142857142857,887.5,134.64279155855803,925.3142857142857,909.0,342.8240649309764
122005,West 5 - Tegel,1194,1106,815,12,36,45,440,4,569.0505464480874,497.0,231.77072829021589,389.125,306.0,185.82436984575364,544.3333333333334,475.5,164.4323569131088,756.6111111111111,780.0,228.2256723428367,851.1666666666666,834.0,97.73927903696992,937.7058823529412,982.0,467.4759776302083
124006,West 2 - Heiligensee/Konradshöhe,1089,1017,768,18,24,48,183,0,752.6515151515151,716.5,244.65807129336767,655.7857142857143,654.5,227.08052742158657,877.5555555555555,851.0,179.88684715058457,808.6666666666666,815.5,47.27649169160786,1279.0,1083.0,441.90044127608655,1061.6785714285713,970.0,384.45122539666164
124007,Nord 1 - Frohnau/Hermsdorf,1592,1414,1074,23,22,49,396,1,670.5368763557484,636.0,242.07538969410464,476.625,474.0,114.62162390520676,581.1428571428571,555.0,212.33893702245044,882.4,867.0,190.6260737674676,750.0,750.0,,988.8620689655172,970.0,450.61511325694187
125008,West 3 - Borsigwalde/Freie Scholle,965,907,662,18,31,27,325,3,628.3384615384615,580.0,222.23567100447025,478.0,454.0,102.89638801564739,629.1052631578947,567.0,243.85990849411934,678.5882352941177,683.0,157.2108690674445,897.8571428571429,902.0,81.80755582754071,798.8888888888889,710.5,239.2537144315236
125009,Nord 2 - Waidmannslust/Wittenau/Lübars,2444,2144,1562,28,65,86,698,14,636.7134502923976,593.0,225.05272026828968,510.2631578947368,501.0,158.15844450187117,637.4054054054054,638.0,144.1799530408401,752.9642857142857,754.0,154.60019695805985,721.0714285714286,769.0,101.74815385640574,838.3181818181819,723.0,350.86680177442355
126010,Rollbergesiedlung,545,496,386,2,20,29,147,7,662.2427745664739,624.5,179.72205277035314,423.0,423.0,,623.1666666666666,575.0,125.99699371112955,817.3333333333334,763.0,244.89181284804113,692.2857142857143,682.0,68.61660218371422,740.7142857142857,702.0,261.1482611194535
126011,MV Nord,1980,1850,1434,20,71,50,369,12,740.8484145398298,702.0,223.47086907703388,520.0833333333334,512.0,90.22543315428742,759.2894736842105,663.5,275.73576343585415,953.8888888888889,897.5,238.49226136325416,904.3157894736842,879.0,163.16693994923622,856.6578947368421,823.0,281.14181054886046
126012,MV Süd,734,683,535,9,22,29,206,2,669.2929936305733,625.0,227.31507596135586,527.0,532.5,139.3082912105378,548.4,572.5,205.54923714012875,766.6666666666666,764.0,199.82158708874942,890.75,858.5,110.33396273737898,816.4761904761905,680.0,329.4440193792595
