district_area_id,district_area_name,mission_count_all,mission_count_ems,mission_count_ems_critical,mission_count_ems_critical_cpr,mission_count_fire,mission_count_technical_rescue,mission_count_ems_critical_timegoal_computed,mission_count_fire_timegoal_computed,mission_count_ems_critical_timegoal_reached,mission_count_fire_timegoal_reached,response_time_ems_critical_mean,response_time_ems_critical_median,response_time_ems_critical_std,response_time_ems_critical_cpr_mean,response_time_ems_critical_cpr_median,response_time_ems_critical_cpr_std,response_time_fire_time_to_first_pump_mean,response_time_fire_time_to_first_pump_median,response_time_fire_time_to_first_pump_std,response_time_fire_time_to_first_ladder_mean,response_time_fire_time_to_first_ladder_median,response_time_fire_time_to_first_ladder_std,response_time_fire_time_to_full_crew_mean,response_time_fire_time_to_full_crew_median,response_time_fire_time_to_full_crew_std,response_time_technical_rescue_mean,response_time_technical_rescue_median,response_time_technical_rescue_std
011001,Tiergarten Süd,3663,2868,1393,28,287,169,1183,182,861,157,574.42,556.0,171.17,480.06,484.5,63.24,630.09,609.0,152.11,706.37,692.0,153.26,762.36,717.3,165.28,931.34,934.5,334.92
011002,Regierungsviertel,4161,3550,1697,18,388,210,1486,238,1146,213,571.63,552.0,171.39,456.0,440.5,85.4,574.66,560.0,111.6,703.61,703.5,129.34,754.85,730.75,143.46,924.54,884.5,391.49
011003,Alexanderplatz,11642,9794,4709,54,801,388,4122,408,3319,374,538.15,510.0,177.39,428.03,437.0,78.33,525.53,509.0,139.21,655.31,639.0,131.4,696.72,667.92,137.78,856.94,713.0,411.22
011004,Brunnenstraße Süd,2325,2096,1016,13,117,111,903,45,727,43,548.48,527.0,176.99,388.73,380.0,114.16,529.82,512.0,121.66,625.84,614.5,117.01,688.63,682.72,126.25,888.26,633.5,485.09
012005,Moabit West,5000,4543,2437,30,217,239,2085,61,1493,57,583.21,562.0,180.7,452.5,462.5,59.78,576.52,541.0,164.34,728.35,694.0,242.28,706.72,693.06,113.95,862.4,863.5,336.39
012006,Moabit Ost,7340,6660,3300,37,434,244,2867,254,2117,226,567.68,542.0,187.11,437.0,415.0,121.84,517.93,489.0,154.14,682.36,668.0,175.86,735.63,719.25,143.89,828.17,708.0,383.08
013007,Osloer Straße,4091,3650,1999,23,134,166,1774,42,1213,39,604.06,577.0,192.15,471.53,490.0,79.01,539.77,523.0,109.9,753.12,665.5,282.27,699.44,668.59,148.68,949.12,778.0,437.87
013008,Brunnenstraße Nord,5177,4725,2526,20,217,233,2263,48,1775,40,540.63,508.0,180.46,377.56,383.5,99.98,512.03,484.0,170.64,688.06,660.0,197.28,722.55,700.15,154.7,839.34,636.0,461.47
014009,Parkviertel,6616,5320,2905,37,222,237,2593,50,1951,44,565.48,530.0,192.39,431.57,428.0,111.85,539.1,523.0,117.61,731.22,698.0,233.29,715.88,705.88,133.19,876.85,870.0,379.32
014010,Wedding Zentrum,6487,5839,3095,62,235,281,2701,63,2105,58,557.13,519.0,193.56,414.47,411.0,87.48,529.4,495.0,153.65,718.4,676.0,236.32,705.39,694.25,167.62,873.47,743.0,406.51
021001,Südliche  Friedrichstadt,6433,5831,2935,42,344,254,2578,128,2139,122,531.04,507.0,159.31,376.67,368.5,52.19,539.69,522.0,127.2,660.24,632.0,158.52,689.27,681.8,124.14,779.35,675.0,323.89
022002,Tempelhofer Vorstadt,7264,6368,3303,42,278,326,2867,81,2215,72,560.09,538.0,180.39,434.06,447.5,96.02,552.03,535.0,136.18,694.18,690.0,156.93,734.66,699.02,135.99,787.17,669.0,364.86
023003,Nördliche Luisenstadt,3290,3029,1629,16,126,131,1412,42,1221,34,506.71,479.0,170.71,347.5,372.5,64.68,515.44,465.5,156.04,641.58,603.0,218.9,676.17,589.3,187.24,900.98,754.5,435.6
023004,Südliche Luisenstadt,3061,2827,1473,23,109,121,1244,22,1021,19,523.0,490.0,186.05,415.71,407.5,81.76,516.06,472.0,165.33,680.28,605.0,256.87,684.68,633.35,152.54,819.76,714.0,372.68
024005,Karl-Marx-Allee Nord,3088,2536,1307,20,136,86,1168,52,948,48,535.63,502.0,171.62,410.06,453.0,105.3,517.35,508.5,101.48,662.23,679.0,156.21,697.65,696.5,161.61,1011.94,1053.5,445.67
024006,Karl-Marx-Allee Süd,5033,4549,2209,24,310,169,1929,159,1662,142,503.95,482.0,163.7,402.37,391.0,86.6,502.62,471.0,145.14,594.81,571.0,172.25,691.08,637.22,183.26,802.97,641.0,408.88
025007,Frankfurter Allee Nord,2513,2264,1157,28,139,107,1012,21,817,18,558.16,546.5,155.57,428.83,441.0,88.63,597.56,548.0,162.11,664.45,590.0,249.44,739.61,666.86,205.71,1097.19,1195.0,471.42
025008,Frankfurter Allee Süd FK,6085,5495,2751,39,328,258,2410,113,1891,100,556.54,536.0,168.71,432.41,412.0,93.51,545.93,518.0,140.23,636.28,618.0,168.84,703.56,688.09,138.7,972.99,811.0,452.09
031001,Buch,2346,1891,968,18,142,93,767,40,490,10,644.53,595.0,204.04,570.86,556.0,148.69,764.01,751.5,138.84,849.52,858.0,185.48,1027.32,993.42,226.61,924.79,913.0,405.12
032002,Blankenfelde/Niederschönhausen,2456,2295,1266,20,64,90,1075,8,558,6,671.6,646.0,190.6,485.12,455.0,114.07,570.62,542.0,127.56,890.5,796.5,303.12,813.14,770.51,198.06,903.55,731.0,415.11
032003,Buchholz,1498,1422,792,19,30,46,690,3,377,2,675.4,638.0,195.34,506.33,518.0,104.55,587.07,583.0,96.56,713.75,651.5,168.33,741.8,638.52,190.99,1156.89,1174.5,451.67
033004,Karow,1407,1330,714,14,30,44,586,5,372,4,625.5,579.0,220.95,534.5,519.0,120.79,679.22,689.0,114.64,798.5,798.5,12.02,821.86,800.46,80.77,998.56,761.0,427.72
033005,Blankenburg/Heinersdorf/Märchenland,1959,1820,992,18,73,65,896,17,538,15,646.68,618.0,177.8,524.92,494.0,98.01,689.4,632.0,235.63,807.45,791.0,170.77,800.67,752.56,158.23,823.86,750.0,353.84
034006,Schönholz/Wilhelmsruh/Rosenthal,1739,1633,900,26,55,49,768,11,426,7,652.39,619.5,193.87,521.9,487.5,156.53,630.3,580.0,178.96,796.3,791.5,138.94,837.37,818.88,106.17,895.69,848.0,313.73
034007,Pankow Zentrum,3676,3203,1732,26,98,140,1534,15,1031,12,596.67,561.0,199.11,458.44,479.0,99.85,537.47,544.0,151.56,795.17,774.0,174.84,773.21,790.6,131.85,892.25,723.5,430.96
034008,Pankow Süd,3265,3037,1623,30,126,99,1413,49,923,44,615.85,590.0,196.21,518.8,513.5,114.54,614.41,595.5,122.5,731.42,713.5,152.15,740.75,727.21,112.28,909.94,864.5,360.03
035009,Weißensee,3302,2913,1546,19,129,113,1395,30,1086,27,554.71,534.0,170.04,442.5,410.5,100.33,559.48,536.0,133.72,621.68,578.0,168.66,749.04,743.41,111.05,699.17,633.0,213.08
035010,Weißensee Ost,2077,1901,994,18,71,58,907,22,641,19,592.95,560.0,184.49,430.53,419.0,74.47,592.29,568.0,106.33,648.48,591.0,204.52,776.89,751.67,115.36,778.31,755.0,333.7
036011,Prenzlauer Berg Nordwest,2286,2089,1021,14,95,102,874,16,616,14,589.32,572.5,167.0,433.0,439.0,85.37,574.1,570.5,106.62,738.71,673.0,300.04,764.17,707.71,137.46,949.95,793.0,441.37
036012,Prenzlauer Berg Nord,2172,1981,1009,19,86,104,914,15,695,15,569.72,561.0,156.34,463.83,500.5,109.12,565.47,560.5,84.41,647.0,617.0,98.02,719.82,688.66,78.59,865.9,787.0,395.11
036013,Helmholtzplatz,1286,1150,572,8,73,63,496,13,353,11,587.56,562.5,174.59,503.33,471.0,103.37,548.11,515.0,126.47,560.3,553.0,89.17,758.65,719.13,209.14,808.47,654.0,372.0
036014,Prenzlauer Berg Ost,3634,3353,1709,20,151,124,1542,49,1110,44,588.77,571.5,174.72,427.07,430.0,117.14,641.97,621.0,134.61,694.25,663.5,174.86,781.4,697.67,487.12,938.66,925.0,354.38
037015,Prenzlauer Berg Südwest,2120,1940,990,11,88,90,855,28,645,26,562.42,542.0,169.71,453.86,438.0,120.63,502.35,495.0,109.81,573.46,555.0,137.51,659.23,653.01,123.65,859.01,732.5,415.66
037016,Prenzlauer Berg Süd,1988,1791,906,11,92,105,811,29,589,26,593.82,567.0,192.53,427.0,423.5,104.93,579.23,557.0,136.49,652.81,653.0,130.33,697.05,661.72,150.09,803.86,722.5,334.08
041001,Charlottenburg Nord,2613,2401,1323,30,99,105,1139,22,663,21,630.82,614.0,185.34,493.67,480.5,155.11,626.04,595.0,203.72,763.41,729.0,239.23,737.2,725.86,94.84,730.12,682.0,271.37
042002,Heerstraße,2063,1846,947,18,62,75,822,25,380,15,693.04,656.5,199.93,536.0,543.0,132.98,673.69,694.5,132.66,751.04,749.0,133.17,876.06,883.95,127.48,1024.84,907.0,413.97
042003,Westend,3857,3230,1753,24,155,164,1508,66,965,57,612.44,586.0,205.65,470.58,487.0,109.22,620.12,590.0,150.27,724.0,720.0,172.0,770.78,779.95,144.16,842.36,770.5,317.12
043004,Schloss Charlottenburg,4656,4293,2369,30,147,199,2061,34,1530,33,553.29,516.0,194.66,348.07,348.0,56.55,556.65,522.5,162.59,732.13,676.0,300.97,665.71,654.24,142.08,849.48,719.0,392.41
043005,Mierendorffplatz,2154,1994,938,10,91,68,837,22,640,20,576.66,555.0,161.38,483.38,466.0,104.13,574.59,550.5,161.78,652.88,612.5,119.94,655.09,619.39,106.58,902.05,784.5,376.29
043006,Otto-Suhr-Allee/Kantstraße,6235,5633,2986,49,323,278,2589,123,1992,114,559.4,531.0,180.43,404.52,403.0,66.1,544.83,515.0,153.13,644.5,625.0,141.57,698.5,678.96,151.03,796.58,718.0,336.13
044007,Grunewald,2154,1771,961,12,56,102,808,14,422,10,668.92,638.0,200.13,503.86,538.0,67.15,659.86,644.0,127.06,827.6,819.5,119.76,843.31,873.14,79.33,980.96,918.5,385.89
044008,Schmargendorf,3335,3158,1631,28,81,96,1423,27,873,24,630.96,609.0,177.31,467.67,471.0,87.49,610.82,598.0,159.47,768.7,700.5,239.17,779.9,763.34,100.88,966.4,1014.0,343.13
045009,Halensee,3108,2870,1529,22,90,146,1346,25,1040,21,562.93,531.0,177.71,420.81,430.5,62.4,575.5,566.5,144.99,700.09,628.0,203.82,750.54,723.63,144.17,783.63,762.5,274.22
045010,Lietzenburger Straße,6746,6033,3123,44,425,284,2680,208,2148,191,547.79,525.0,173.95,439.39,440.0,102.52,504.34,472.0,128.18,657.37,643.5,186.09,717.6,684.28,128.52,755.47,643.0,355.95
045011,Volkspark Wilmersdorf,5202,4559,2466,50,187,210,2166,56,1774,55,530.73,505.5,163.74,405.67,399.0,79.58,493.35,471.0,130.48,610.98,596.5,132.88,658.46,648.96,95.24,743.53,675.0,302.79
051001,Hakenfelde,3624,3418,1872,31,119,86,1625,32,968,26,644.51,609.0,187.8,514.13,489.0,138.56,635.41,605.0,143.72,730.89,682.0,166.68,788.03,788.19,96.58,1077.39,957.0,398.27
051002,Falkenhagener Feld,4604,4020,2185,34,131,163,1866,43,1239,31,611.82,589.0,180.36,506.92,515.0,105.24,674.44,659.5,140.51,798.53,758.0,230.44,836.03,824.16,137.59,948.26,861.0,341.49
051003,Spandau Mitte,5855,5200,2638,52,253,207,2291,115,1880,104,539.82,515.0,175.3,429.36,424.0,94.42,558.1,521.0,137.92,599.08,565.5,143.8,731.12,684.76,145.49,956.64,810.0,443.69
052004,Brunsbütteler Damm,2247,2055,1106,14,103,87,894,37,488,26,653.23,636.0,188.77,494.38,517.5,115.76,703.18,713.0,95.7,808.3,792.0,160.82,871.83,823.59,160.58,938.98,921.0,379.12
052005,Heerstraße,3327,3067,1735,29,111,147,1476,30,820,20,664.17,631.0,184.07,577.64,546.0,120.07,665.82,625.0,219.17,746.12,681.5,239.04,852.84,821.4,210.4,981.97,898.0,422.67
052006,Wilhelmstadt,4871,4471,2354,49,170,219,2022,31,1710,25,526.11,498.0,172.47,454.89,467.0,111.03,496.51,478.0,130.7,638.49,577.0,202.02,755.55,719.04,172.85,984.64,813.0,507.8
053007,Haselhorst,2171,1971,1056,19,79,119,928,24,556,21,631.68,604.0,200.03,501.17,518.5,114.86,681.67,634.5,182.66,680.76,672.0,125.29,787.1,755.43,117.92,982.19,884.0,349.4
053008,Siemensstadt,1614,1425,726,11,94,95,629,34,401,28,613.31,581.0,195.35,431.0,425.0,99.15,688.74,725.0,210.8,757.58,753.0,139.39,799.55,812.17,108.16,917.75,835.0,366.22
054009,Gatow/Kladow,1724,1437,766,16,32,108,574,11,369,3,653.62,585.5,254.53,558.8,490.0,178.89,743.67,729.0,248.57,909.6,899.5,76.07,1012.67,992.51,169.81,961.31,915.0,353.3
061001,Schloßstraße,2696,2429,1211,13,171,95,1029,19,738,16,590.49,558.0,180.38,507.9,537.5,119.54,544.15,527.0,109.01,770.65,754.0,234.38,915.93,732.04,658.29,886.15,734.0,393.34
061002,Albrechtstraße,4435,4149,2274,34,157,127,1977,29,1449,27,574.97,553.0,182.26,409.41,426.5,98.68,607.42,532.0,246.54,774.22,742.0,230.65,723.59,708.46,117.45,831.63,735.0,355.04
062003,Lankwitz,4658,4208,2306,41,121,128,1996,32,1291,23,612.72,592.0,179.46,495.45,505.0,95.13,616.04,610.0,96.8,840.5,785.5,236.7,884.28,792.86,244.25,992.61,822.0,429.92
062004,Ostpreußendamm,3909,3537,1929,36,116,105,1650,28,925,16,648.35,627.0,191.97,550.6,545.0,117.69,686.23,604.5,217.46,820.33,803.5,196.5,915.04,844.29,181.1,854.08,728.0,409.37
063005,Teltower Damm,3664,3191,1780,33,102,120,1554,28,921,20,637.22,603.0,198.4,492.23,514.0,84.48,595.08,546.0,181.72,668.79,637.0,197.87,852.34,785.42,186.58,915.29,742.0,484.08
063006,Drakestraße,4032,3526,1906,26,144,143,1653,45,1051,39,630.04,605.0,175.12,550.59,510.0,204.69,598.6,591.0,107.77,723.7,685.0,169.73,784.23,749.84,170.58,935.53,748.0,428.28
064007,Zehlendorf Südwest,3174,2824,1531,28,109,123,1206,14,655,3,681.58,638.5,222.44,545.06,545.0,92.34,713.89,702.0,198.14,1019.13,1001.0,271.48,1177.57,1072.83,404.9,896.59,787.5,401.85
064008,Zehlendorf Nord,4025,3581,1946,30,146,151,1690,29,1020,26,629.23,607.0,179.52,544.36,526.0,153.97,620.04,587.0,177.31,621.18,602.0,127.01,788.16,785.92,125.08,1028.39,816.0,489.28
071001,Schöneberg Nordwest,3742,3411,1764,31,139,171,1567,54,1220,53,562.79,538.0,174.78,452.75,466.0,93.62,519.9,504.5,108.1,644.61,592.0,170.3,681.98,671.44,88.28,730.03,643.0,278.48
071002,Schöneberg Nordost,2231,1994,1073,14,128,104,942,28,742,26,560.69,544.0,155.47,382.4,418.5,81.86,525.16,506.0,105.01,654.43,634.0,123.15,731.83,694.52,150.56,814.64,791.0,281.86
072003,Schöneberg Südwest,2092,1934,1042,20,75,82,921,21,742,20,556.75,521.0,179.21,406.73,385.0,64.39,571.53,536.0,180.5,695.26,632.0,243.99,706.01,700.07,100.23,762.78,715.0,319.48
072004,Schöneberg Südost,3520,3180,1566,21,169,168,1379,54,1113,48,533.71,498.0,188.55,405.54,381.0,72.08,537.99,504.0,155.59,683.18,672.5,149.48,742.44,729.41,112.31,879.36,794.5,391.99
073005,Friedenau West,2070,1873,971,11,101,95,841,33,611,32,579.29,560.0,176.2,418.38,433.5,78.1,604.12,581.5,127.2,641.91,655.0,89.87,717.07,744.48,94.53,914.08,856.5,345.61
073006,Friedenau Ost,2156,1511,776,11,98,89,678,27,502,25,577.55,562.5,170.61,473.86,470.0,24.56,616.61,567.0,205.57,690.41,687.0,99.67,757.8,767.85,135.79,922.57,811.0,391.52
074007,Tempelhof Nord,2699,2108,1028,19,120,70,919,24,633,23,604.82,567.0,199.19,447.47,431.0,92.7,626.08,586.0,194.21,738.96,651.0,203.55,760.51,785.98,186.28,965.07,975.0,378.21
074008,Tempelhof Südwest,3262,3034,1678,30,110,116,1488,18,1175,18,551.85,530.0,170.38,432.64,435.0,102.14,576.84,566.0,111.24,746.47,721.0,183.55,720.0,730.62,85.84,971.95,862.0,452.25
074009,Tempelhof Südost,2266,2017,1104,27,127,100,958,50,708,44,566.48,542.0,184.86,439.05,438.0,107.12,578.15,564.0,120.83,750.8,702.5,254.35,781.47,721.2,285.25,941.25,810.5,373.05
075010,Mariendorf Nord,3456,3263,1841,27,89,99,1644,28,1125,24,595.82,575.0,191.57,475.67,462.0,93.51,662.4,607.0,231.08,726.93,680.0,169.59,818.19,787.1,243.89,1070.37,877.0,482.84
075011,Mariendorf Süd,2638,2463,1350,20,99,70,1208,18,878,9,581.99,549.0,188.85,477.47,450.0,97.04,593.17,563.5,128.11,772.78,760.5,189.75,870.0,881.43,163.85,836.21,693.5,426.45
076012,Marienfelde Nord,1807,1674,892,18,64,67,768,6,475,1,637.59,594.5,193.73,529.93,533.0,113.27,651.68,632.0,139.31,914.7,805.0,361.43,1094.29,978.55,287.08,883.43,793.0,444.01
076013,Marienfelde Süd,1874,1703,941,14,106,63,801,40,427,12,665.95,633.0,199.15,592.89,618.0,80.94,753.97,723.0,128.13,903.65,853.0,168.41,987.33,957.5,218.05,1008.19,903.5,413.56
076014,Lichtenrade Nord,2003,1903,1087,21,40,57,908,8,474,4,670.67,634.5,210.88,586.44,594.0,140.52,713.41,732.0,204.49,805.88,782.0,142.45,974.63,900.9,229.26,1118.76,1095.0,434.04
076015,Lichtenrade Süd,3456,3239,1782,21,99,116,1445,14,659,2,713.59,675.0,247.55,619.5,581.0,218.61,803.71,790.5,225.31,1081.4,1124.0,228.07,1061.05,1002.46,211.1,1145.53,1044.0,349.99
081001,Schillerpromenade,3448,3165,1700,25,147,133,1504,31,1120,28,582.06,547.0,194.55,464.15,454.5,91.15,558.49,543.0,110.0,713.7,625.0,293.83,733.85,723.94,144.2,915.07,737.0,443.23
081002,Neuköllner Mitte/Zentrum,4731,4321,2256,36,225,179,1984,72,1538,63,548.83,521.0,186.99,381.36,370.0,109.82,515.31,491.0,127.39,621.21,550.0,236.34,732.16,708.57,134.25,859.11,727.0,399.92
081003,Reuterstraße,4212,3859,1990,33,182,169,1740,47,1383,43,565.88,545.0,165.93,467.92,445.0,90.26,527.46,521.0,105.05,690.45,645.0,232.88,675.81,643.78,137.27,899.71,804.0,357.31
081004,Rixdorf,4097,3721,1979,17,201,173,1719,42,1123,39,607.95,590.0,178.59,483.46,438.0,172.56,569.89,547.5,137.4,647.19,629.0,205.38,754.82,732.08,116.86,915.29,900.5,359.9
081005,Köllnische Heide,2020,1803,974,12,112,104,877,36,475,32,656.86,635.0,173.85,504.1,517.5,144.22,647.29,608.0,203.66,733.18,632.0,256.96,774.55,769.55,100.9,957.56,894.0,316.23
082006,Britz Nord,2449,2258,1177,15,97,93,1025,29,723,25,601.6,570.0,194.27,589.33,470.0,390.66,562.16,550.0,146.72,618.85,615.0,117.79,769.18,751.73,116.86,884.59,744.5,389.5
082007,Britz,2797,2614,1478,25,105,77,1277,23,760,18,647.16,611.0,201.48,515.81,516.5,130.51,613.45,574.0,194.15,807.63,753.0,179.05,798.91,788.5,109.81,945.98,841.0,421.8
082008,Buckow,2945,2789,1547,23,65,88,1351,20,614,12,690.5,664.0,184.42,548.21,552.0,93.29,701.19,690.0,145.26,886.09,882.0,175.6,867.7,866.84,144.09,1101.56,1092.0,396.9
083009,Gropiusstadt West,2699,2560,1428,26,65,71,1222,18,803,14,626.31,569.0,216.8,472.89,435.5,147.48,584.03,560.0,149.73,800.4,829.0,171.7,831.93,792.98,123.51,961.59,872.0,445.27
083010,Gropiusstadt Ost,2283,2146,1208,22,65,72,1053,21,706,17,624.39,581.0,201.02,470.79,460.0,103.43,643.41,698.0,165.76,850.75,836.5,196.96,843.87,778.5,197.67,904.13,752.0,336.06
084011,Buckow Nord,1861,1353,766,14,37,46,651,19,482,17,564.11,521.0,204.69,421.89,444.0,72.04,547.05,525.0,89.66,688.86,682.0,197.74,740.82,730.2,91.65,933.61,941.0,408.52
084012,Rudow,4106,3897,2169,33,86,123,1846,20,1047,11,649.17,618.0,202.42,507.04,503.5,103.7,616.42,604.0,175.66,822.42,832.5,233.64,870.77,864.08,156.69,953.86,893.0,407.54
091001,Alt-Treptow,1604,1471,740,6,68,62,645,11,406,11,633.67,603.0,193.1,583.25,575.5,132.72,649.17,620.0,177.83,761.07,732.0,269.29,723.21,736.95,95.14,883.52,797.5,319.39
091002,Plänterwald,1159,1085,585,9,40,33,513,10,238,8,676.62,663.0,182.36,586.33,553.5,114.33,664.0,661.0,98.42,735.79,692.0,118.9,823.95,746.25,184.53,934.13,861.0,326.55
091003,Baumschulenweg,2272,2120,1153,22,91,59,1025,17,602,14,640.61,615.0,157.08,532.47,511.0,74.22,672.76,612.5,249.22,704.3,636.0,187.7,782.18,765.05,148.76,892.67,747.5,396.72
091004,Johannisthal,2263,2114,1150,19,77,67,1030,9,710,9,596.22,571.0,190.42,403.29,396.5,75.12,547.23,536.0,120.26,572.64,533.0,140.82,698.31,716.9,69.94,652.69,596.0,283.56
092005,Oberschöneweide,2619,2395,1288,20,129,94,1127,32,687,20,647.81,616.0,174.65,573.31,521.0,153.66,651.32,614.0,133.89,742.79,678.5,194.22,854.62,814.18,200.29,962.17,843.5,384.97
092006,Niederschöneweide,2123,2000,1020,17,61,60,882,5,579,5,608.43,575.0,188.23,533.0,518.0,133.79,583.42,522.0,244.27,684.78,635.0,202.48,717.94,648.91,110.54,707.38,653.0,192.69
092007,Adlershof,2357,2153,1101,12,113,88,961,28,574,20,628.34,612.0,186.85,487.62,485.5,152.36,612.78,602.5,142.01,714.0,655.0,210.58,878.27,795.17,412.1,824.56,762.0,303.6
092008,Köllnische Vorstadt/Spindlersfeld,1254,1162,621,10,37,55,543,4,375,3,604.77,573.0,169.18,503.43,454.0,212.61,603.95,581.0,203.85,714.0,651.0,221.3,826.41,797.83,139.3,972.29,910.5,291.24
093009,Altglienicke,2637,2484,1293,27,69,81,1091,23,385,11,721.92,708.0,188.46,598.73,638.0,140.36,755.72,737.0,163.78,964.0,919.0,188.93,988.13,901.64,235.02,999.65,972.0,267.14
093010,Bohnsdorf,1671,1323,702,10,67,35,535,24,295,3,660.14,618.0,213.31,514.25,516.5,73.94,819.23,845.0,140.34,984.74,965.5,139.47,1005.65,987.24,175.77,1192.57,1176.0,390.57
093011,Grünau,943,868,466,6,31,44,379,6,219,4,658.98,631.0,187.44,570.25,497.5,169.32,714.0,662.0,250.33,943.38,831.5,252.78,889.94,823.35,160.6,962.85,768.5,425.03
093012,Schmöckwitz,362,329,175,4,11,22,123,3,27,0,824.46,783.0,241.37,848.5,848.5,3.54,888.0,844.0,186.94,1047.0,1047.0,,1069.16,1048.29,72.24,1053.29,1169.0,507.91
094013,Köpenick Süd,1393,1298,704,4,39,54,611,12,317,2,673.07,639.0,189.74,641.25,570.5,164.07,705.86,693.5,111.53,864.29,858.5,182.62,994.12,993.42,156.29,1035.09,949.0,368.97
094014,Allende-Viertel,1669,1409,798,14,40,30,682,6,483,5,586.83,573.0,177.74,447.3,399.0,116.51,584.83,595.0,174.03,780.67,640.0,417.97,854.43,823.73,188.64,1009.14,890.0,403.87
094015,Altstadt Köpenick,864,803,393,10,18,38,339,2,272,2,557.88,525.0,178.56,462.75,465.5,112.51,544.08,494.0,132.73,537.5,537.5,74.25,653.83,653.83,79.19,769.48,627.0,379.27
094016,Müggelheim,517,477,278,6,15,24,228,2,86,0,766.58,744.5,241.26,502.0,502.0,69.3,799.0,811.0,108.31,1153.5,1153.5,150.61,1606.56,1606.56,380.02,1035.25,938.5,355.03
095017,Friedrichshagen,2058,1947,1105,17,41,69,897,7,525,2,640.12,606.0,200.43,523.11,516.0,73.73,653.2,667.0,113.83,1030.78,985.0,213.11,971.29,932.83,119.52,955.5,832.0,317.95
095018,Rahnsdorf,984,909,510,10,28,45,376,5,211,0,690.87,620.0,252.9,540.38,525.0,72.18,733.94,741.0,122.91,1298.67,1230.0,125.05,1406.14,1348.52,311.3,781.7,736.0,203.58
095019,Dammvorstadt,1508,1406,698,11,48,50,620,7,454,5,595.95,561.5,180.44,557.22,564.0,135.66,609.12,588.5,112.4,653.08,618.5,104.79,825.36,864.44,108.68,838.49,638.0,416.62
095020,Köpenick Nord,1275,1189,670,9,45,41,602,6,289,3,684.07,655.5,163.06,630.71,639.0,85.89,656.1,633.0,81.93,760.86,659.0,205.79,876.11,870.38,97.08,1019.5,854.0,422.05
101001,Marzahn Nord,2686,2504,1330,18,80,100,1183,16,552,14,684.77,660.0,179.11,547.88,590.0,113.52,726.44,712.0,161.05,818.0,732.0,240.11,780.49,765.12,97.37,1039.22,915.0,372.4
101002,Marzahn Mitte,5961,5538,3158,50,237,180,2862,46,1711,41,634.8,619.0,167.06,531.43,511.0,113.01,623.24,615.5,176.52,652.54,650.0,148.22,734.46,685.74,172.34,1004.36,835.5,434.49
101003,Marzahn Süd,5204,4797,2626,40,215,185,2403,46,1771,40,583.06,558.0,185.17,452.44,445.0,92.14,608.2,593.0,193.83,707.19,632.0,348.84,746.3,705.8,258.5,912.68,692.5,483.66
102004,Hellersdorf Nord,4462,4143,2238,36,151,166,1987,30,1003,22,680.25,648.0,188.58,542.87,525.0,92.32,645.69,620.5,142.55,828.16,784.0,208.8,895.28,807.09,305.35,901.99,773.5,397.67
102005,Hellersdorf Ost,2321,2181,1211,14,90,49,1036,15,428,11,712.07,673.0,187.96,573.1,573.0,69.17,637.98,590.0,166.65,781.13,785.0,145.82,880.65,849.63,208.1,814.41,772.5,238.92
102006,Hellersdorf Süd,2922,2754,1468,22,69,95,1325,11,1037,8,562.39,516.0,190.04,462.17,446.0,118.09,533.44,502.0,116.7,816.71,795.0,60.99,814.98,811.07,135.83,714.52,614.0,367.53
103007,Biesdorf,3383,2909,1598,24,81,107,1467,28,882,22,622.65,604.0,190.6,517.85,507.0,113.19,608.91,609.5,134.39,744.63,703.0,165.19,821.23,789.39,171.69,824.71,715.0,374.48
104008,Kaulsdorf,1959,1683,952,21,43,47,863,5,492,3,651.68,625.0,199.16,541.87,531.0,121.55,554.5,530.0,124.1,681.0,660.5,136.21,976.79,870.62,397.79,762.22,675.0,378.61
104009,Mahlsdorf,2334,2209,1196,18,36,87,1041,6,268,1,769.86,753.0,190.73,642.67,652.0,123.99,723.1,694.0,189.93,929.67,914.0,138.85,968.7,975.57,103.53,972.83,885.0,342.92
111001,"Malchow, Wartenberg und Falkenberg",580,540,273,3,17,23,248,4,150,1,632.75,602.0,179.64,565.5,565.5,28.99,786.62,832.5,276.04,990.75,987.5,248.27,1029.8,1044.49,255.8,1130.24,1063.0,384.57
111002,Neu-Hohenschönhausen Nord,3091,2882,1588,26,126,83,1451,28,997,20,602.63,561.0,188.57,557.72,544.5,106.95,672.03,639.0,239.84,826.38,800.5,211.01,837.28,809.24,301.39,972.63,901.0,404.83
111003,Neu-Hohenschönhausen Süd,3171,3005,1649,27,77,86,1494,13,838,9,658.14,631.0,171.1,554.0,496.0,166.35,652.06,587.0,172.7,846.5,820.5,261.57,827.26,796.27,133.33,898.52,830.5,312.28
112004,Alt-Hohenschönhausen Nord,1903,1739,948,15,89,73,853,27,546,18,620.08,601.0,182.4,517.91,518.0,162.47,672.56,649.0,194.97,797.39,769.0,157.47,897.88,831.29,272.56,901.4,807.0,339.34
112005,Alt-Hohenschönhausen Süd,3774,3449,1812,22,205,118,1635,119,1184,104,590.24,572.0,152.78,492.25,478.0,78.28,636.99,607.0,143.09,707.97,697.5,112.1,755.96,732.06,109.32,980.04,876.5,353.61
113006,Fennpfuhl,3846,3632,1899,35,112,99,1735,37,1299,32,572.03,547.0,175.88,455.88,431.5,130.08,622.46,595.0,146.12,716.58,684.5,235.19,766.06,710.9,205.08,991.85,921.0,390.68
113007,Alt-Lichtenberg,4922,3895,2120,47,315,146,1856,147,1518,123,538.36,509.0,166.74,430.9,429.0,100.16,610.49,601.0,145.26,704.02,685.0,168.09,783.1,762.41,140.55,933.99,860.0,423.55
113008,Frankfurter Allee Süd,1310,1227,616,16,44,38,536,14,380,11,590.8,569.0,176.47,476.17,453.0,77.28,671.85,646.0,112.67,732.0,709.0,143.7,828.9,794.3,177.74,1110.07,1052.5,376.55
114009,Neu-Lichtenberg,2969,2726,1381,23,140,101,1214,33,690,31,636.36,625.0,188.78,531.74,495.0,138.93,686.56,662.0,172.66,693.47,722.5,124.53,771.1,757.96,180.19,1027.79,843.5,422.65
114010,Friedrichsfelde Nord,1934,1794,964,10,55,84,855,20,471,19,641.3,632.0,187.02,526.86,580.0,178.75,640.54,628.5,125.32,708.5,726.0,134.9,760.97,748.98,86.18,991.02,810.5,424.41
114011,Friedrichsfelde Süd,3254,3041,1586,27,113,99,1370,30,685,24,666.98,652.0,188.62,607.71,599.0,148.45,701.11,726.0,156.77,822.81,850.0,133.34,831.17,837.0,138.76,1192.54,1170.5,405.26
115012,Rummelsburger Bucht,481,436,204,1,21,24,177,8,89,1,671.4,652.0,201.5,593.0,593.0,,801.67,752.5,159.69,940.88,888.5,265.76,1051.54,1028.62,274.49,1152.0,1204.0,312.0
115013,Karlshorst,2221,2071,1124,15,75,74,944,16,435,5,678.65,669.5,217.58,625.09,623.0,190.98,789.32,765.0,174.16,912.33,882.0,157.88,989.03,964.01,230.66,1096.68,1018.0,420.04
121001,Ost 1 - Reginhardstraße,2937,2760,1561,25,82,93,1372,22,870,20,629.74,605.0,181.48,513.29,509.0,89.21,627.04,598.0,161.45,726.3,739.0,142.17,775.42,732.5,238.91,842.32,791.0,301.69
121002,Ost 2 - Alt-Reinickendorf,3654,3378,1806,35,151,124,1595,45,1188,42,580.16,553.0,180.15,449.61,421.0,117.37,582.67,563.0,116.95,747.39,680.5,244.47,741.84,707.47,155.47,819.87,748.5,328.46
122003,West 4 - Auguste-Viktoria-Allee,3148,2959,1526,24,86,101,1335,32,830,27,631.79,608.0,181.02,532.4,566.0,89.53,631.36,624.0,92.17,768.68,721.0,167.03,778.07,731.68,146.9,870.82,840.0,281.55
122004,West 1 - Tegel-Süd/Flughafensee,2041,1864,1034,22,87,87,891,19,550,16,636.21,589.0,220.02,515.82,487.0,94.29,708.03,606.0,308.02,788.36,754.5,308.53,774.26,748.49,106.43,956.97,962.0,389.0
122005,West 5 - Tegel,2208,2069,1086,11,64,73,908,19,692,15,536.75,469.0,220.77,361.0,357.0,108.52,498.09,462.0,131.42,765.54,737.0,268.55,833.79,811.57,119.59,791.74,580.0,456.03
124006,West 2 - Heiligensee/Konradshöhe,1997,1873,1034,13,42,82,825,7,291,3,737.79,718.0,218.88,731.9,676.5,204.59,744.44,718.5,164.1,893.86,868.0,102.07,1288.95,946.19,831.53,1127.96,1012.0,414.49
124007,Nord 1 - Frohnau/Hermsdorf,2944,2613,1451,30,65,113,1164,14,729,1,632.29,603.0,214.53,574.17,562.0,172.34,668.65,661.0,172.75,1099.62,981.0,330.72,1063.25,1044.49,147.77,950.41,991.0,379.65
125008,West 3 - Borsigwalde/Freie Scholle,1801,1654,921,19,66,77,787,25,579,18,592.27,549.0,195.57,476.41,448.0,96.95,603.05,571.0,117.55,731.77,679.5,165.11,853.41,832.76,161.46,857.52,801.0,341.23
125009,Nord 2 - Waidmannslust/Wittenau/Lübars,4407,3998,2265,38,132,93,1991,45,1317,35,600.47,566.0,198.06,437.0,449.0,115.61,621.61,610.0,150.44,801.37,709.0,263.43,823.3,776.35,244.45,783.09,716.0,299.15
126010,Rollbergesiedlung,1254,1148,612,5,58,48,532,10,334,8,637.09,605.0,203.52,641.5,641.5,41.72,626.83,608.5,135.67,798.25,809.0,156.39,746.59,688.76,159.83,800.9,756.0,240.19
126011,MV Nord,3419,3223,1796,27,114,80,1613,35,728,23,692.57,667.0,190.09,521.24,535.0,171.15,677.19,669.0,173.4,918.29,902.0,239.72,898.28,848.56,193.04,897.88,864.0,270.52
126012,MV Süd,1376,1315,724,13,31,29,629,3,393,3,627.5,584.0,202.45,515.5,487.0,100.53,617.14,639.0,123.44,960.67,823.0,372.12,775.13,735.95,104.22,785.0,766.0,221.76
