prediction_area_id,prediction_area_name,mission_count_all,mission_count_ems,mission_count_ems_critical,mission_count_ems_critical_cpr,mission_count_fire,mission_count_technical_rescue,mission_count_ems_critical_timegoal_computed,mission_count_fire_timegoal_computed,mission_count_ems_critical_timegoal_reached,mission_count_fire_timegoal_reached,response_time_ems_critical_mean,response_time_ems_critical_median,response_time_ems_critical_std,response_time_ems_critical_cpr_mean,response_time_ems_critical_cpr_median,response_time_ems_critical_cpr_std,response_time_fire_time_to_first_pump_mean,response_time_fire_time_to_first_pump_median,response_time_fire_time_to_first_pump_std,response_time_fire_time_to_first_ladder_mean,response_time_fire_time_to_first_ladder_median,response_time_fire_time_to_first_ladder_std,response_time_fire_time_to_full_crew_mean,response_time_fire_time_to_full_crew_median,response_time_fire_time_to_full_crew_std,response_time_technical_rescue_mean,response_time_technical_rescue_median,response_time_technical_rescue_std
0110,Zentrum,21791,18308,8815,113,1593,878,7694,873,6053,787,551.4,529.0,175.94,438.0,453.0,85.7,557.52,542.5,139.55,677.41,669.0,137.58,725.83,699.77,148.0,891.38,786.5,403.76
0120,Moabit,12340,11203,5737,67,651,483,4952,315,3610,283,574.22,550.0,184.58,443.05,451.0,101.52,533.99,505.0,158.98,691.53,675.0,191.44,730.03,709.29,138.9,845.63,766.0,359.96
0130,Gesundbrunnen,9268,8375,4525,43,351,399,4037,90,2988,79,568.5,539.0,188.31,428.57,443.0,99.85,522.87,505.0,150.21,716.82,664.0,239.45,711.77,689.75,151.51,884.48,698.5,454.41
0140,Wedding,13103,11159,6000,99,457,518,5294,113,4056,102,561.22,524.0,193.01,420.92,415.0,96.83,534.21,508.0,136.78,724.28,692.0,234.03,710.03,698.2,152.78,874.98,822.0,394.11
0210,Kreuzberg Nord,6433,5831,2935,42,344,254,2578,128,2139,122,531.04,507.0,159.31,376.67,368.5,52.19,539.69,522.0,127.2,660.24,632.0,158.52,689.27,681.8,124.14,779.35,675.0,323.89
0220,Kreuzberg Süd,7264,6368,3303,42,278,326,2867,81,2215,72,560.09,538.0,180.39,434.06,447.5,96.02,552.03,535.0,136.18,694.18,690.0,156.93,734.66,699.02,135.99,787.17,669.0,364.86
0230,Kreuzberg Ost,6351,5856,3102,39,235,252,2656,64,2242,53,514.34,483.0,178.21,384.23,394.5,80.74,515.76,467.0,160.22,657.44,605.0,233.91,679.1,609.09,174.9,859.36,750.0,405.61
0240,Friedrichshain West,8121,7085,3516,44,446,255,3097,211,2610,190,515.9,490.0,167.41,406.0,424.5,94.56,506.62,485.0,134.68,610.83,588.0,170.67,692.7,652.64,177.82,872.25,679.0,431.65
0250,Friedrichshain Ost,8598,7759,3908,67,467,365,3422,134,2708,118,557.02,539.0,164.91,430.91,428.0,90.68,557.16,530.5,146.51,641.66,613.0,186.26,709.21,686.05,150.79,1010.61,894.5,460.72
0310,Buch,2346,1891,968,18,142,93,767,40,490,10,644.53,595.0,204.04,570.86,556.0,148.69,764.01,751.5,138.84,849.52,858.0,185.48,1027.32,993.42,226.61,924.79,913.0,405.12
0320,Nördliches Pankow,3954,3717,2058,39,94,136,1765,11,935,8,673.08,643.0,192.42,495.06,504.5,108.48,575.19,558.0,119.1,840.0,775.5,277.52,793.68,699.62,189.38,988.0,805.0,441.57
0330,Nördliches Weißensee,3366,3150,1706,32,103,109,1482,22,910,19,638.3,604.0,196.2,529.52,495.0,107.3,686.35,668.5,205.9,806.64,798.5,162.47,805.49,789.91,142.83,876.27,753.5,382.41
0340,Südliches Pankow,8680,7873,4255,82,279,288,3715,75,2380,63,615.48,585.0,197.96,501.14,495.0,127.87,596.28,589.0,147.44,756.31,738.0,158.48,761.41,747.79,118.99,899.36,809.0,384.73
0350,Südliches Weißensee,5379,4814,2540,37,200,171,2302,52,1727,46,569.78,541.0,176.83,435.85,419.0,85.33,571.58,553.5,124.88,634.46,582.0,185.62,760.83,749.99,112.63,723.47,645.0,257.44
0360,Nördlicher Prenzlauer Berg,9378,8573,4311,61,405,393,3826,93,2774,84,584.19,568.0,168.85,445.62,471.0,105.55,591.6,579.0,122.24,671.89,627.5,192.06,765.32,701.57,366.07,900.99,793.0,394.05
0370,Südlicher Prenzlauer Berg,4108,3731,1896,22,180,195,1666,57,1234,52,577.7,557.5,181.8,439.53,427.0,109.24,540.48,532.0,129.17,608.02,599.5,139.11,678.47,653.75,137.84,828.61,725.5,372.66
0410,Charlottenburg Nord,2613,2401,1323,30,99,105,1139,22,663,21,630.82,614.0,185.34,493.67,480.5,155.11,626.04,595.0,203.72,763.41,729.0,239.23,737.2,725.86,94.84,730.12,682.0,271.37
0420,Charlottenburg West,5920,5076,2700,42,217,239,2330,91,1345,72,640.88,614.0,207.22,498.33,536.0,122.36,634.64,617.5,147.1,731.6,737.0,161.76,799.7,798.17,146.89,901.09,809.0,360.29
0430,Charlottenburg Zentrum,13045,11920,6293,89,561,545,5487,179,4162,167,559.74,531.0,183.34,401.62,401.0,80.64,551.82,523.5,156.39,662.87,632.0,184.52,686.93,659.67,144.99,828.52,728.5,362.94
0440,Wilmersdorf Süd,5489,4929,2592,40,137,198,2231,41,1295,34,644.71,619.0,186.74,477.8,504.0,82.61,627.36,613.0,150.38,783.42,730.0,215.66,801.55,804.47,97.91,973.63,971.0,363.83
0450,Wilmersdorf Zentrum,15056,13462,7118,116,702,640,6192,289,4962,267,545.11,520.0,171.68,421.07,425.0,86.82,509.99,481.0,132.79,651.15,633.0,178.96,708.99,679.54,126.63,757.78,668.5,320.51
0510,Spandau Mitte / Nord,14083,12638,6695,117,503,456,5782,190,4087,161,592.48,566.0,185.89,474.43,467.0,116.51,605.5,580.0,148.54,665.04,625.0,189.21,764.45,744.92,142.97,976.74,869.0,404.88
0520,Wilhelmstadt / Staaken,10445,9593,5195,92,384,453,4392,98,3018,71,598.38,570.0,191.81,501.29,502.0,126.22,596.49,578.0,178.98,734.88,690.0,210.22,829.23,817.73,186.13,975.63,909.0,459.28
0530,Haselhorst / Siemensstadt,3785,3396,1782,30,173,214,1557,58,957,49,624.26,599.0,198.3,471.1,458.0,111.6,685.81,679.0,198.78,726.1,727.0,138.07,794.4,791.84,111.45,952.86,862.0,357.52
0540,Gatow / Kladow,1724,1437,766,16,32,108,574,11,369,3,653.62,585.5,254.53,558.8,490.0,178.89,743.67,729.0,248.57,909.6,899.5,76.07,1012.67,992.51,169.81,961.31,915.0,353.3
0610,Steglitz,7131,6578,3485,47,328,222,3006,48,2187,43,580.29,555.0,181.74,440.19,451.5,113.56,579.34,527.0,199.67,772.73,743.0,230.05,799.73,715.82,428.04,856.26,734.5,372.67
0620,Lankwitz/Lichterfelde Ost,8567,7745,4235,77,237,233,3646,60,2216,39,628.85,605.0,186.05,520.07,523.0,108.38,650.61,610.0,170.5,830.42,791.5,215.92,898.63,837.6,215.86,935.82,782.0,425.84
0630,Zehlendorf Süd/Lichterfelde West,7696,6717,3686,59,246,263,3207,73,1972,59,633.52,604.0,186.77,515.3,510.0,145.06,597.15,575.5,142.4,700.17,668.0,183.12,810.35,771.6,178.74,926.75,742.0,452.2
0640,Zehlendorf Nord/Wannsee,7199,6405,3477,58,255,274,2896,43,1675,29,651.03,622.0,200.16,544.67,535.5,128.38,657.95,616.0,191.03,745.54,678.0,260.16,914.94,834.11,308.65,965.82,795.5,453.6
0710,Schöneberg Nord,5973,5405,2837,45,267,275,2509,82,1962,79,562.0,540.0,167.76,432.06,447.0,94.84,522.09,505.0,106.47,648.19,610.0,154.17,699.0,677.93,114.98,761.94,696.0,282.17
0720,Schöneberg Süd,5612,5114,2608,41,244,250,2300,75,1855,68,542.93,510.0,185.17,406.08,384.0,67.19,548.08,519.0,163.56,687.11,668.0,184.11,732.24,717.25,109.63,841.28,766.0,373.11
0730,Friedenau,4226,3384,1747,22,199,184,1519,60,1113,57,578.52,561.0,173.68,444.27,461.0,64.26,610.3,572.0,169.84,664.6,670.5,96.91,735.4,749.48,115.71,917.99,843.0,366.08
0740,Tempelhof,8227,7159,3810,76,357,286,3365,92,2516,85,570.48,541.0,184.02,438.78,435.0,99.97,590.38,571.0,142.2,746.95,707.0,228.6,763.98,735.57,233.48,958.84,842.0,405.13
0750,Mariendorf,6094,5726,3191,47,188,169,2852,46,2003,33,589.97,565.0,190.51,476.42,456.0,93.62,628.72,585.0,190.53,744.87,703.0,177.12,838.46,796.11,215.6,979.73,796.0,474.09
0760,Marienfelde / Lichtenrade,9140,8519,4702,74,309,303,3922,68,2035,19,679.04,639.0,221.62,580.61,573.5,150.79,744.01,727.0,183.65,929.89,875.5,223.2,1010.45,968.98,222.71,1044.01,952.0,416.12
0810,Neukölln,18508,16869,8899,123,867,758,7824,228,5639,205,584.11,560.0,183.72,452.19,443.0,121.33,556.29,538.0,143.78,666.93,618.0,243.27,731.64,723.24,131.44,903.89,835.0,378.32
0820,Britz/Buckow,8191,7661,4202,63,267,258,3653,72,2097,55,650.41,624.0,196.48,544.41,532.0,206.54,610.02,580.0,172.54,752.71,714.5,192.1,806.04,793.87,127.75,971.39,911.0,410.06
0830,Gropiusstadt,4982,4706,2636,48,130,143,2275,39,1509,31,625.42,576.0,209.6,471.97,438.5,128.12,611.81,587.0,158.95,829.17,829.0,185.63,838.36,789.13,165.61,933.13,783.0,394.17
0840,Buckow Nord/Rudow,5967,5250,2935,47,123,169,2497,39,1529,28,626.99,597.0,206.38,483.82,466.0,102.52,595.8,586.5,157.77,760.09,689.0,225.5,807.46,769.37,143.48,948.29,901.5,406.19
0910,Treptow-Köpenick 1,7298,6790,3628,56,276,221,3213,47,1956,42,630.74,609.0,181.69,501.2,499.0,111.91,633.25,599.0,191.84,701.83,676.0,197.77,761.2,736.95,138.98,827.73,736.0,349.57
0920,Treptow-Köpenick 2,8353,7710,4030,59,340,297,3513,69,2215,48,625.94,600.0,181.46,531.95,503.5,154.71,621.82,600.0,164.95,725.08,670.0,200.43,852.68,798.04,298.23,867.34,792.0,325.91
0930,Treptow-Köpenick 3,5613,5004,2636,47,178,182,2128,56,926,18,701.1,683.0,202.61,600.22,577.5,147.3,781.69,755.0,177.35,974.38,954.0,168.41,989.46,979.29,197.71,1036.93,984.0,354.14
0940,Treptow-Köpenick 4,4443,3987,2173,34,112,146,1860,22,1158,9,631.92,601.0,202.03,489.33,459.0,133.89,631.56,619.0,165.46,833.63,785.0,295.98,980.77,964.34,283.87,945.5,857.0,393.91
0950,Treptow-Köpenick 5,5825,5451,2983,47,162,205,2495,25,1479,10,647.39,609.0,199.56,559.42,553.0,100.29,658.39,647.0,115.19,849.55,816.0,270.09,994.56,921.67,268.23,908.45,792.5,372.2
1010,Marzahn,13851,12839,7114,108,532,465,6448,108,4034,95,624.68,605.0,179.99,508.06,499.5,112.67,629.95,618.5,185.94,695.97,650.0,265.42,746.32,710.7,205.32,976.3,826.0,443.84
1020,Hellersdorf,9705,9078,4917,72,310,310,4348,56,2468,41,651.92,626.0,198.32,520.31,507.0,106.59,619.17,600.0,150.99,810.82,792.0,178.0,875.59,816.99,253.95,834.0,739.0,376.65
1030,Biesdorf,3383,2909,1598,24,81,107,1467,28,882,22,622.65,604.0,190.6,517.85,507.0,113.19,608.91,609.5,134.39,744.63,703.0,165.19,821.23,789.39,171.69,824.71,715.0,374.48
1040,Kaulsdorf/Mahlsdorf,4293,3892,2148,39,79,134,1904,11,760,4,716.3,696.0,203.25,592.27,564.5,131.08,640.85,614.0,180.64,830.2,817.0,183.15,972.38,962.04,262.05,895.99,799.5,368.21
1110,Hohenschönhausen Nord,6842,6427,3510,56,220,192,3193,45,1985,30,630.94,602.0,181.81,556.25,532.5,136.01,673.89,622.0,224.86,845.16,808.0,228.16,851.49,810.34,261.23,957.88,885.0,368.87
1120,Hohenschönhausen Süd,5677,5188,2760,37,294,191,2488,146,1730,122,600.47,580.0,164.12,502.7,483.0,117.7,645.93,614.0,157.96,729.15,712.0,129.51,782.2,743.86,161.56,951.82,867.0,349.31
1130,Lichtenberg Nord,10078,8754,4635,98,471,283,4127,198,3197,166,559.32,532.0,173.01,449.04,433.5,111.12,617.61,608.0,143.79,708.07,685.0,178.84,783.16,758.87,156.89,979.66,915.0,407.86
1140,Lichtenberg Mitte,8157,7561,3931,60,308,284,3439,83,1846,74,649.78,637.0,188.75,560.98,562.0,150.66,685.08,689.5,160.59,744.18,757.0,142.07,790.37,768.65,148.9,1069.29,907.5,424.02
1150,Lichtenberg Süd,2702,2507,1328,16,96,98,1121,24,524,6,677.51,667.0,215.05,622.42,617.0,182.33,791.83,765.0,170.05,921.12,882.0,192.11,1009.87,982.06,241.94,1113.38,1042.0,388.44
1210,Reinickendorf Ost,6591,6138,3367,60,233,217,2967,67,2058,62,603.08,582.0,182.42,480.54,452.0,108.05,599.27,580.0,136.42,739.59,689.0,211.56,752.86,708.88,185.82,829.96,760.5,316.03
1220,Tegel,7397,6892,3646,57,237,261,3134,70,2072,58,605.51,576.0,209.16,501.62,526.0,107.77,617.24,598.5,209.32,773.51,722.5,246.01,792.16,762.39,130.53,874.94,839.5,375.11
1240,Grüner Norden,4941,4486,2485,43,107,195,1989,21,1020,4,676.05,646.0,222.45,621.97,583.0,193.93,692.17,690.5,172.34,1027.6,960.0,287.24,1138.48,1023.12,483.23,1023.93,1001.5,402.54
1250,Wittenau/Borsigwalde,6208,5652,3186,57,198,170,2778,70,1896,53,598.15,560.0,197.36,452.23,448.5,109.34,614.35,598.0,138.24,777.24,699.0,235.24,834.05,815.78,217.68,815.99,731.5,319.4
1260,Märkisches Viertel,6049,5686,3132,45,203,157,2774,48,1455,34,667.18,637.0,197.8,528.34,535.0,154.2,654.89,632.0,158.64,898.45,868.0,235.62,858.98,827.69,191.3,846.61,792.0,256.22
