planning_room_id,planning_room_name,mission_count_all,mission_count_ems,mission_count_ems_critical,mission_count_ems_critical_cpr,mission_count_fire,mission_count_technical_rescue,mission_count_ems_critical_timegoal_computed,mission_count_fire_timegoal_computed,mission_count_ems_critical_timegoal_reached,mission_count_fire_timegoal_reached,response_time_ems_critical_mean,response_time_ems_critical_median,response_time_ems_critical_std,response_time_ems_critical_cpr_mean,response_time_ems_critical_cpr_median,response_time_ems_critical_cpr_std,response_time_fire_time_to_first_pump_mean,response_time_fire_time_to_first_pump_median,response_time_fire_time_to_first_pump_std,response_time_fire_time_to_first_ladder_mean,response_time_fire_time_to_first_ladder_median,response_time_fire_time_to_first_ladder_std,response_time_fire_time_to_full_crew_mean,response_time_fire_time_to_full_crew_median,response_time_fire_time_to_full_crew_std,response_time_technical_rescue_mean,response_time_technical_rescue_median,response_time_technical_rescue_std
1100101,Stülerstraße,196,130,114,0,9,10,103,6,56,6,621.9805825242719,596.0,203.93,,,,566.4285714285714,604.0,103.63,633.2857142857143,583.0,142.55,709.8411666666666,675.03,95.11,827.6666666666666,859.0,183.15
1100102,Großer Tiergarten,354,295,270,2,39,20,240,21,99,19,672.8375,641.0,228.56,436.0,436.0,,639.90625,591.5,209.88,750.2142857142857,740.5,109.73,786.4444761904762,779.86,135.0,867.2666666666667,640.0,532.31
1100103,Lützowstraße,336,276,244,4,14,7,224,4,122,4,618.8973214285714,591.0,210.3,381.5,381.5,142.13,544.2727272727273,573.0,122.37,663.8333333333334,652.0,67.45,684.6135,674.6,54.92,780.6,728.0,216.0
1100104,Körnerstraße,146,129,117,1,10,7,104,3,60,3,591.1923076923077,581.5,193.65,,,,611.0,625.0,47.4,544.25,621.0,184.36,655.8379999999999,664.564,36.17,983.3333333333334,896.0,318.54
1100205,Wilhelmstraße,279,231,214,0,37,10,198,14,103,13,616.959595959596,597.0,173.09,,,,572.1379310344828,547.0,98.87,738.5384615384615,703.0,82.35,893.2443571428572,778.9870000000001,545.47,862.625,843.0,297.32
1100206,Unter den Linden,683,598,530,4,59,25,483,26,239,23,628.5403726708074,607.0,209.83,470.3333333333333,470.0,132.5,568.7391304347826,544.0,145.06,732.7894736842105,728.5,142.26,764.4059230769229,757.7065,120.44,844.2105263157895,736.0,324.69
1100207,Leipziger Straße,414,362,326,2,36,15,299,7,152,6,623.1036789297659,607.0,184.59,464.5,464.5,34.65,588.5714285714286,573.0,163.07,708.4117647058823,686.0,134.33,749.2365714285714,715.56,126.07,920.0,777.0,468.74
1100308,Charitéviertel,673,397,359,2,48,22,324,27,187,25,594.1666666666666,564.5,216.22,402.0,402.0,72.12,548.7560975609756,535.0,117.82,712.0238095238095,695.5,167.04,733.8702592592592,708.65,107.27,881.4,652.0,435.38
1100309,Oranienburger Straße,637,499,441,3,54,24,394,25,220,23,599.4492385786803,574.5,220.36,414.0,414.0,84.85,565.9722222222222,564.5,115.72,635.3055555555555,625.0,127.86,715.9929599999999,681.267,127.41,1023.6842105263158,837.0,453.96
1100310,Alexanderplatzviertel,1373,1253,1104,4,84,36,996,34,580,31,604.7931726907631,566.5,214.55,437.0,427.0,32.19,555.7857142857143,539.0,161.58,689.2083333333334,653.0,129.38,726.0234411764706,674.6595,173.96,704.75,574.5,447.15
1100311,Karl-Marx-Allee,523,472,428,6,34,17,402,6,225,5,599.3308457711443,575.0,209.89,430.2,405.0,122.1,565.2083333333334,498.0,252.85,701.4666666666667,711.0,119.6,800.0281666666666,711.95,229.02,690.375,629.0,227.03
1100312,Heine-Viertel West,411,385,340,3,13,12,315,3,191,3,607.0,569.0,198.59,404.5,404.5,31.82,506.0,516.0,48.06,681.625,671.0,52.63,652.1376666666666,664.5,21.77,852.1818181818181,897.0,282.33
1100313,Heine-Viertel Ost,364,344,310,2,12,8,293,4,194,4,580.7542662116041,532.0,194.52,449.0,449.0,,591.5,529.0,188.52,606.8,555.0,110.16,784.6835,812.362,80.04,849.0,769.0,443.28
1100414,Nordbahnhof,128,117,102,1,8,3,91,0,64,0,560.4615384615385,523.0,197.32,386.0,386.0,,481.5,490.5,93.42,621.8333333333334,613.0,33.51,,,,507.0,507.0,
1100415,Invalidenstraße,405,362,325,2,23,20,299,5,175,4,595.5016722408027,566.0,221.85,,,,520.6363636363636,537.0,94.49,629.0,600.5,99.95,734.2005999999999,669.38,192.3,1007.7333333333333,825.0,456.05
1100416,Arkonaplatz,266,249,223,0,8,9,210,1,130,1,592.9666666666667,562.5,191.93,,,,438.5,464.0,85.67,672.0,672.0,,592.754,592.754,,1017.5,988.5,570.9
1200517,Huttenkiez,261,223,203,0,24,14,178,11,85,8,643.9044943820224,615.5,212.67,,,,581.8421052631579,540.0,111.15,665.0,668.0,86.25,847.1945454545456,729.307,214.29,1040.75,1047.5,318.91
1200518,Beusselkiez,230,208,188,3,14,8,171,6,91,6,606.859649122807,596.0,183.17,482.5,482.5,219.91,586.1428571428571,587.0,80.89,770.0,735.5,201.44,703.9801666666666,715.9585,38.78,667.0,569.0,275.41
1200519,Emdener Straße,258,236,214,2,12,10,190,1,95,0,635.2684210526315,606.0,189.8,461.5,461.5,13.44,553.5,546.5,74.44,1074.0,1074.0,,938.337,938.337,,1028.1,1061.0,319.66
1200520,Bremer Straße,382,363,336,1,12,7,301,4,162,4,641.6212624584717,589.0,210.67,523.0,523.0,,502.75,454.0,93.15,764.2,582.0,299.52,600.5565,601.3435,103.33,869.4,920.0,361.68
1200521,Zwinglistraße,197,189,172,0,3,5,156,1,99,1,592.9423076923077,551.5,195.52,,,,393.0,393.0,46.67,903.0,903.0,,610.457,610.457,,558.0,533.0,125.52
1200522,Elberfelder Straße,395,375,334,1,7,13,290,0,163,0,604.0034482758621,587.5,201.98,480.0,480.0,,498.5,498.5,96.87,,,,,,,718.5833333333334,657.0,290.4
1200623,Stephankiez,427,398,346,1,12,17,318,3,152,3,653.4025157232704,611.5,202.46,639.0,639.0,,627.3333333333334,548.5,190.31,613.6666666666666,591.0,88.21,651.7856666666667,678.624,69.67,928.0666666666667,698.0,437.85
1200624,Heidestraße,207,178,167,1,19,10,152,6,92,5,628.7236842105264,565.0,252.52,508.0,508.0,,631.8571428571429,545.5,195.08,678.6666666666666,659.5,100.66,821.6818333333334,797.033,121.6,614.2857142857143,637.0,158.92
1200625,Lübecker Straße,377,350,313,3,19,8,290,7,159,6,632.1793103448276,584.5,195.72,487.5,487.5,9.19,523.5,516.0,86.35,599.4545454545455,582.0,96.76,687.1595714285714,643.596,149.66,912.3333333333334,915.5,303.07
1200626,Thomasiusstraße,207,195,181,2,4,8,162,0,78,0,660.6234567901234,624.5,221.97,398.5,398.5,136.47,,,,,,,,,,921.125,897.0,440.98
1200627,Zillesiedlung,350,335,295,0,12,3,279,5,156,4,608.31541218638,564.0,208.37,,,,628.1428571428571,594.0,190.11,646.8333333333334,616.5,163.06,747.656,594.463,359.14,926.6666666666666,929.0,449.5
1200628,Lüneburger Straße,784,708,645,0,54,22,584,30,316,27,620.7208904109589,584.0,238.11,,,,501.2093023255814,494.0,116.88,688.5135135135135,672.0,221.72,742.9057333333334,736.107,106.94,812.7857142857143,534.0,532.67
1200629,Hansaviertel,212,190,173,3,13,9,153,3,80,2,625.7385620915032,587.0,175.85,539.5,539.5,16.26,538.125,546.5,112.1,728.6666666666666,628.0,185.73,758.2856666666667,666.293,160.25,879.8571428571429,1039.0,343.92
1300730,Drontheimer Straße,425,339,298,1,16,12,266,5,135,5,636.6616541353384,607.0,217.54,324.0,324.0,,549.0909090909091,546.0,98.24,652.75,650.5,100.09,647.6454,657.617,93.91,902.0,882.0,291.57
1300731,Koloniestraße,268,243,219,6,12,13,198,2,81,2,677.39898989899,636.0,217.63,454.6666666666667,378.0,141.54,535.8333333333334,565.5,89.94,712.6666666666666,755.0,78.58,622.5815,622.5815,23.64,1025.75,911.5,484.96
1300732,Soldiner Straße,355,335,304,5,6,14,269,2,106,2,664.8066914498141,637.0,178.47,476.25,471.5,56.68,544.8,535.0,83.24,944.0,944.0,26.87,763.5485,763.5485,169.69,914.8181818181819,894.0,207.18
1300733,Gesundbrunnen,483,457,412,4,14,12,378,5,192,5,645.6137566137567,605.0,225.97,505.5,505.5,84.15,624.0,520.5,353.26,673.75,668.0,127.63,694.7298000000001,701.996,93.33,772.6363636363636,574.0,407.11
1300834,Brunnenstraße,705,642,579,3,32,31,538,2,307,2,624.8959107806692,574.0,211.45,529.0,529.0,63.64,589.6315789473684,515.0,215.01,552.25,558.5,115.6,574.8985,574.8985,52.63,851.5454545454545,655.0,431.99
1300835,Humboldthain Süd,462,438,395,2,11,13,351,1,205,1,627.5612535612536,563.0,222.81,413.5,413.5,28.99,588.0,533.5,215.81,650.5,650.5,43.13,896.366,896.366,,967.3333333333334,663.0,582.01
1300836,Humboldthain Nordwest,712,630,567,7,47,35,513,12,323,12,581.1169590643275,521.0,229.77,418.5,428.5,74.96,552.4782608695652,525.0,185.08,766.5333333333333,702.0,170.97,683.1812500000001,686.2985,140.55,854.1034482758621,540.0,509.41
1400937,Afrikanische Straße,490,455,411,3,21,14,379,2,196,1,619.8970976253298,597.0,181.49,341.5,341.5,14.85,611.7,517.0,254.93,899.5,899.5,159.1,899.563,899.563,158.71,915.3,991.5,416.78
1400938,Kameruner Straße,742,365,339,3,21,6,293,1,169,1,606.5870307167236,577.0,215.21,332.5,332.5,180.31,600.1818181818181,553.0,144.35,723.75,712.5,98.1,601.36,601.36,,998.0,1123.0,260.57
1400939,Glasgower Straße,301,284,266,2,10,7,240,3,134,3,594.625,566.0,212.48,457.5,457.5,45.96,420.6666666666667,419.0,47.8,835.0,835.0,130.11,678.279,623.164,124.41,805.0,732.0,399.01
1400940,Schillerpark,305,298,275,2,6,1,255,1,163,1,590.121568627451,540.0,204.99,356.5,356.5,34.65,568.75,584.5,135.22,704.0,704.0,94.75,685.327,685.327,,575.0,575.0,
1400941,Londoner Straße,166,155,144,2,6,5,132,0,64,0,635.1212121212121,606.0,192.38,396.0,396.0,,515.0,515.0,142.84,,,,,,,686.8,616.0,207.42
1400942,Westliche Müllerstraße,370,341,302,2,18,10,278,6,176,6,584.9208633093525,548.0,189.51,358.0,358.0,1.41,537.6666666666666,541.0,75.61,698.125,713.0,174.68,654.5778333333334,660.1514999999999,126.35,664.875,551.0,276.41
1401043,Antonstraße,301,280,250,4,10,11,221,2,142,2,584.1855203619909,538.0,231.09,454.0,457.5,100.77,455.2,444.0,87.14,744.75,666.5,255.05,798.67,798.67,90.18,759.7,568.5,410.25
1401044,Uferstraße,351,323,291,0,18,10,265,1,163,1,591.0377358490566,549.0,212.61,,,,520.1111111111111,456.0,159.13,914.5,914.5,118.09,660.057,660.057,,702.3333333333334,495.0,375.36
1401045,Schwedenstraße,303,284,263,5,12,6,224,0,127,0,612.2276785714286,572.0,224.19,480.8,517.0,134.77,739.4,508.0,489.57,526.0,526.0,,,,,602.0,508.0,171.55
1401046,Nordufer,254,227,212,2,18,9,195,1,111,1,623.8564102564103,583.0,206.01,494.0,494.0,0.0,523.375,513.5,54.81,655.0,655.0,,655.037,655.037,,842.75,696.0,416.29
1401047,Sparrplatz,309,293,268,2,6,9,246,1,158,1,579.5975609756098,526.5,196.33,513.0,513.0,,436.0,436.0,159.81,589.0,589.0,,587.127,587.127,,708.375,621.0,344.62
1401048,Leopoldplatz,332,305,271,3,11,16,252,1,147,1,603.3492063492064,553.0,210.86,339.3333333333333,377.0,125.8,521.3333333333334,516.5,84.55,621.5,621.5,82.73,776.036,776.036,,905.0,802.0,410.04
1401049,Schulstraße,559,473,426,8,14,10,390,2,230,2,620.7076923076924,566.5,228.78,516.8333333333334,554.5,128.43,616.3,560.5,170.77,722.5,720.0,77.62,769.6385,769.6385,70.59,720.3333333333334,642.0,206.86
2100101,Askanischer Platz,433,377,332,1,36,18,299,18,169,12,609.1204013377926,578.0,191.09,574.0,574.0,,594.8260869565217,567.0,101.11,790.95,744.0,177.87,880.3816666666667,842.995,202.37,795.2352941176471,767.0,234.55
2100102,Mehringplatz,480,400,330,1,68,12,298,13,176,12,607.8322147651006,570.0,200.98,,,,562.8717948717949,528.0,197.72,742.5416666666666,704.0,203.75,712.699153846154,684.577,127.86,886.6666666666666,788.5,387.42
2100103,Am Berlin Museum,218,202,186,0,9,7,167,5,115,4,569.3473053892216,535.0,181.29,,,,536.2857142857143,528.0,180.6,666.3333333333334,694.0,208.92,667.3259999999999,591.13,209.29,1107.4285714285713,805.0,567.4
2100104,Moritzplatz,335,312,289,4,19,4,264,6,189,5,563.0492424242424,517.0,194.62,389.3333333333333,346.0,112.45,564.5714285714286,546.0,150.47,633.4285714285714,574.0,102.75,714.2683333333334,593.8965000000001,298.93,552.75,502.0,223.34
2100105,Prinzenstraße,340,304,281,4,19,17,250,2,182,2,545.112,490.5,211.18,342.6666666666667,351.0,20.79,431.3333333333333,389.5,114.05,708.5,708.5,126.57,647.0295,647.0295,177.13,772.9375,672.0,347.36
2100106,Wassertorplatz,334,309,282,0,12,13,259,3,183,3,552.96138996139,495.0,218.25,,,,503.6,446.0,110.45,748.25,744.0,131.91,659.0233333333333,665.42,63.4,586.2727272727273,547.0,130.34
2200207,Gleisdreieck,119,99,82,0,16,4,76,12,30,11,680.171052631579,649.5,188.33,,,,658.9,621.0,84.99,769.4166666666666,756.0,89.07,784.8694166666664,777.857,74.7,944.75,830.5,290.26
2200208,Rathaus Yorckstraße,360,334,298,1,10,16,274,6,162,3,596.5620437956204,572.5,196.87,,,,516.2857142857143,527.0,51.73,795.0,754.5,172.63,844.7795000000001,829.6315,151.6,691.2307692307693,617.0,334.95
2200209,Viktoriapark,275,255,223,2,10,10,202,3,104,3,624.059405940594,600.5,190.4,465.5,465.5,2.12,588.0,536.0,155.03,558.0,598.0,259.32,681.898,668.13,108.37,835.6,727.0,343.53
2200210,Urbanstraße,411,381,338,1,19,11,310,7,217,7,547.6838709677419,486.5,225.18,290.0,290.0,,599.9,474.5,259.69,690.8571428571429,689.0,160.55,693.111,697.483,79.06,693.1666666666666,481.5,536.27
2200211,Chamissokiez,453,423,378,4,13,17,349,3,207,3,603.7449856733524,571.0,200.62,450.0,470.0,76.0,557.625,540.5,86.0,696.25,708.0,92.41,685.9933333333332,703.4,80.1,800.4666666666667,798.0,206.28
2200212,Graefekiez Süd,270,239,222,0,22,9,194,4,121,3,590.1030927835052,540.0,220.47,,,,676.6470588235294,579.0,207.75,869.625,775.5,325.95,734.3722499999999,670.5764999999999,170.39,795.25,650.0,349.66
2200213,Graefekiez Nord,540,352,309,2,23,12,274,1,175,1,579.7116788321168,548.0,192.3,401.0,401.0,57.98,573.0,530.0,184.95,786.5,737.5,161.6,685.333,685.333,,690.5,642.0,268.04
2300314,Oranienplatz,467,427,379,3,29,11,344,3,260,2,527.3953488372093,484.5,178.25,409.0,374.0,73.99,511.15384615384613,494.0,121.15,817.875,741.0,170.44,764.7053333333333,644.966,331.81,541.0,524.0,138.27
2300315,Lausitzer Platz,281,256,226,6,15,9,207,4,154,4,523.135265700483,463.0,196.47,360.2,367.0,53.12,735.7142857142857,648.0,319.96,745.0,619.0,276.45,592.49075,630.435,103.11,1004.5,996.0,481.64
2300316,Köpenicker Straße,188,174,156,3,10,4,143,3,98,3,550.4265734265734,512.0,185.01,384.0,376.0,74.32,672.5,489.0,365.79,880.5,880.5,382.54,557.9243333333334,538.716,106.42,602.0,563.5,206.63
2300417,Reichenberger Straße West,366,345,308,4,12,9,283,4,200,3,547.3639575971731,501.0,214.0,341.5,341.5,31.82,449.375,430.5,128.81,594.2,603.0,108.86,759.51425,703.9685,241.64,665.5555555555555,614.0,273.21
2300418,Reichenberger Straße Ost,273,242,220,3,18,13,189,2,123,2,570.6984126984127,536.0,212.04,405.6666666666667,364.0,120.05,452.8888888888889,451.0,91.53,713.5,713.5,193.04,534.3555,534.3555,29.41,822.0,849.5,234.34
2300419,Wrangelkiez,335,313,276,2,12,10,244,2,158,2,583.5532786885246,545.5,197.53,557.0,557.0,15.56,515.5714285714286,491.0,116.94,656.0,656.0,49.5,717.828,717.828,137.26,803.875,714.5,456.72
2400520,Barnimkiez,445,309,282,2,11,5,259,4,155,4,603.7953667953668,554.0,217.95,442.0,442.0,,522.5,489.5,103.81,754.5,711.0,100.78,659.35325,692.6285,82.15,1495.75,1457.0,304.2
2400521,Friedenstraße,301,274,244,2,14,12,223,4,148,4,569.0224215246636,551.0,183.04,428.5,428.5,47.38,565.75,582.0,100.84,641.0,644.0,168.52,656.7015,636.3895,141.36,669.875,583.0,338.11
2400522,Richard-Sorge-Viertel,384,363,321,2,16,5,284,2,153,2,613.2147887323944,583.0,235.52,505.5,505.5,13.44,492.3636363636364,489.0,96.95,604.0,600.5,137.57,482.48,482.48,1.53,833.0,696.0,455.93
2400623,Andreasviertel,845,793,715,6,30,22,654,12,451,11,566.8975535168196,530.0,205.48,465.25,471.5,175.97,651.6,546.5,357.0,613.2307692307693,569.0,202.83,674.74325,664.4304999999999,114.93,810.7368421052631,566.0,487.2
2400624,Weberwiese,459,424,379,1,23,12,354,5,243,5,539.3474576271186,488.0,206.18,334.0,334.0,,464.5,446.5,81.77,570.4285714285714,623.0,183.13,643.2824,677.166,96.83,854.7777777777778,933.0,355.48
2400625,Wriezener Bahnhof,339,294,261,2,39,6,230,19,150,17,564.1086956521739,531.0,215.48,372.0,372.0,117.38,581.88,504.0,195.35,640.2,578.0,151.69,686.4456842105262,600.427,183.94,734.0,536.0,601.53
2500726,Hausburgviertel,231,203,175,4,17,11,162,1,84,1,631.1604938271605,597.0,204.3,487.75,483.5,64.56,598.7272727272727,556.0,304.79,577.0,577.0,,624.934,624.934,,906.7142857142857,714.0,345.28
2500727,Forckenbeckplatz,205,182,162,1,17,6,151,2,89,2,598.3509933774834,566.0,225.45,457.0,457.0,,780.0,632.0,345.97,1158.0,1158.0,442.65,784.8599999999999,784.8599999999999,9.81,1023.6666666666666,867.0,608.32
2500728,Samariterviertel,257,241,217,1,11,5,199,1,104,1,630.1356783919598,597.0,185.69,493.0,493.0,,651.0,659.0,66.36,578.0,578.0,,659.157,659.157,,680.0,701.0,69.75
2500729,Pettenkofer Straße,215,200,178,1,5,10,155,2,84,2,645.9483870967742,595.0,213.76,636.0,636.0,,780.5,672.0,257.2,673.5,673.5,95.46,761.0250000000001,761.0250000000001,86.73,881.0,688.0,390.47
2500830,Niederbarnimstraße,117,105,99,2,4,8,95,1,64,1,577.3894736842105,544.0,162.5,431.0,431.0,5.66,749.5,749.5,389.62,689.0,689.0,,734.333,734.333,,575.2857142857143,618.0,96.05
2500831,Wismarplatz,185,162,145,1,16,7,137,5,74,4,626.6861313868613,601.0,199.82,475.0,475.0,,562.125,549.5,154.75,728.8571428571429,720.0,185.69,805.9174,792.897,135.05,913.6666666666666,902.0,476.07
2500832,Traveplatz,206,179,160,0,18,9,151,3,79,3,616.1324503311258,597.0,195.67,,,,568.6666666666666,613.0,96.29,581.75,603.0,172.9,796.3710000000001,795.61,71.14,744.2857142857143,720.0,228.4
2500833,Boxhagener Platz,270,253,223,4,11,6,192,3,125,3,575.4114583333334,536.5,189.95,375.6666666666667,329.0,86.08,549.1428571428571,525.0,126.96,671.75,731.0,181.99,711.7533333333332,726.81,31.89,703.0,503.5,407.12
2500834,Revaler Straße,316,288,253,2,22,6,225,8,143,7,593.7066666666667,534.0,216.78,409.0,409.0,62.23,542.1538461538462,531.0,84.31,648.6666666666666,566.0,166.22,666.3428749999999,566.7049999999999,204.63,809.6,777.0,372.8
2500835,Stralauer Kiez,625,578,520,2,28,19,468,10,258,6,613.4529914529915,577.0,200.59,399.0,399.0,62.23,633.9,571.0,218.75,659.0,651.5,209.99,804.4331999999999,762.9135,223.45,958.2307692307693,1013.0,365.24
2500836,Stralauer Halbinsel,131,123,109,3,3,5,101,0,32,0,706.1188118811881,658.0,201.23,450.0,417.0,81.66,,,,,,,,,,657.0,657.0,169.71
3100101,Bucher Forst,180,160,133,1,15,5,113,7,30,6,758.2300884955753,725.0,218.81,626.0,626.0,,693.6,730.0,73.72,852.875,829.5,100.54,839.077142857143,822.907,46.71,855.5,859.5,185.43
3100102,Klinikum Buch,274,177,161,3,7,8,142,2,76,0,639.9014084507043,584.0,222.82,665.0,665.0,193.75,722.6666666666666,727.0,50.64,864.0,835.0,195.33,1373.6280000000002,1373.6280000000002,356.35,1078.0,883.0,585.32
3100103,Karower Chaussee,416,390,358,1,13,13,306,3,179,1,653.8823529411765,584.0,248.26,,,,802.8571428571429,824.0,196.7,903.0,865.0,104.35,910.2023333333333,957.394,147.35,1292.0,1292.0,253.14
3200204,Blankenfelde,90,90,80,1,0,0,71,0,18,0,805.7887323943662,764.0,277.66,851.0,851.0,,,,,,,,,,,,,
3200205,Uhlandstraße,269,259,235,0,7,3,212,3,47,3,750.25,711.5,217.71,,,,605.75,523.5,300.09,703.6666666666666,724.0,121.78,729.5836666666668,767.344,108.36,1156.3333333333333,1396.0,477.02
3200206,Pastor-Niemöller-Platz,207,198,180,0,5,3,156,1,49,1,725.3717948717949,670.0,223.88,,,,649.0,639.0,85.44,,,,816.586,816.586,,935.0,935.0,65.05
3200207,Herthaplatz,322,300,266,1,11,11,241,0,86,0,706.7427385892116,674.0,210.57,,,,608.8888888888889,529.0,396.8,,,,,,,758.5714285714286,686.0,294.5
3200308,Nisbléstraße,115,114,105,1,1,0,100,0,31,0,709.63,675.0,171.93,745.0,745.0,,412.0,412.0,,,,,,,,,,
3200309,Eddastraße,170,162,149,1,3,5,131,1,39,1,699.6488549618321,663.0,205.85,338.0,338.0,,,,,662.0,662.0,,894.216,894.216,,1072.0,916.0,614.05
3200310,Krugpfuhl,216,203,177,3,9,4,157,2,48,2,715.3312101910828,687.0,196.44,509.6666666666667,526.0,53.41,565.75,592.5,143.65,745.5,745.5,65.76,838.2629999999999,838.2629999999999,43.6,858.0,858.0,
3300411,Karow Nord,310,300,277,1,6,4,235,1,137,1,624.5957446808511,583.0,205.53,675.0,675.0,,828.6666666666666,759.0,167.73,873.0,873.0,,872.587,872.587,,755.3333333333334,702.0,110.15
3300412,Karow Bahnhof,144,136,122,4,5,3,101,0,49,0,641.0693069306931,618.0,191.57,660.0,660.0,,675.75,644.5,151.07,629.0,629.0,,,,,867.0,867.0,197.99
3300413,Karow Ost,56,54,48,0,0,2,40,0,21,0,642.925,624.5,196.49,,,,,,,,,,,,,804.0,804.0,
3300514,Blankenburg,277,259,244,7,7,11,218,4,78,3,686.1284403669724,654.5,187.71,498.0,474.0,119.58,646.25,634.5,71.59,875.3333333333334,921.0,132.54,856.18925,842.8820000000001,104.04,776.5,657.0,314.55
3300515,Blankenburger Süden,4,4,4,0,0,0,1,0,0,0,731.0,731.0,,,,,,,,,,,,,,,,
3300516,Heinersdorf,336,327,295,2,6,3,268,0,109,0,674.2910447761194,640.5,202.56,450.0,450.0,43.84,527.6666666666666,554.0,58.16,,,,,,,718.0,718.0,
3300517,Märchenland,50,47,43,1,2,1,41,0,21,0,667.0487804878048,591.0,232.02,,,,710.5,710.5,58.69,981.0,981.0,,,,,,,
3400618,Rosenthal,111,108,97,2,1,2,84,1,17,0,758.0,732.0,212.31,679.0,679.0,,,,,1188.0,1188.0,,1212.06,1212.06,,,,
3400619,Wilhelmsruh,341,321,278,3,12,8,248,2,86,1,694.4637096774194,677.0,210.55,484.0,484.0,,866.7272727272727,700.0,343.53,981.5,981.5,113.84,1248.3135,1248.3135,866.24,832.2,717.0,386.94
3400620,Schönholz,187,178,157,1,7,2,133,1,44,0,692.2706766917294,675.0,179.41,500.0,500.0,,697.0,628.0,180.38,985.0,985.0,,1034.443,1034.443,,631.0,631.0,
3400721,Florakiez,293,274,247,2,13,6,217,4,88,2,661.8248847926267,632.0,190.15,538.0,538.0,,640.875,588.0,216.36,812.5,812.5,256.68,906.02525,917.9469999999999,212.28,960.5,918.5,302.27
3400722,Parkstraße,186,178,161,1,7,1,148,4,69,4,672.4256756756756,635.5,220.86,650.0,650.0,,523.25,574.5,198.53,677.25,634.0,147.57,720.70525,709.9585,146.71,,,
3400723,Garbátyplatz,364,265,241,0,4,3,227,1,109,1,672.3568281938326,638.0,257.68,,,,,,,626.5,626.5,197.28,699.236,699.236,,778.5,778.5,408.0
3400724,Wolfshagener Straße,239,228,199,4,6,5,178,0,90,0,672.0168539325842,599.0,251.36,350.5,350.5,58.69,887.6666666666666,631.0,582.11,,,,,,,630.6,512.0,420.68
3400725,Schlosspark,303,290,263,3,6,7,234,0,108,0,672.1452991452992,632.5,204.31,436.0,436.0,,954.0,954.0,322.44,,,,,,,754.3333333333334,486.0,471.71
3400826,Tiroler Viertel,307,287,249,1,12,8,226,1,92,1,667.0796460176991,658.0,220.63,530.0,530.0,,968.5,770.0,476.82,652.0,652.0,,708.757,708.757,,638.7142857142857,675.0,162.57
3400827,Trelleborger Viertel,283,265,243,3,13,5,217,0,85,0,681.552995391705,645.0,200.87,477.5,477.5,0.71,848.9166666666666,679.0,447.85,744.5,694.0,137.49,,,,856.5,824.5,310.29
3400828,Spiekermann Straße,140,131,121,1,3,6,113,1,24,1,709.4070796460177,685.0,160.39,504.0,504.0,,791.5,791.5,447.6,650.0,650.0,,650.914,650.914,,1115.6666666666667,1269.0,343.69
3400829,Arnold-Zweig-Straße,173,169,152,3,3,1,146,1,65,1,666.0616438356165,625.0,202.43,485.5,485.5,50.2,647.0,649.0,71.02,744.0,744.0,,745.466,745.466,,,,
3400830,Kissingenviertel,227,213,183,4,9,5,168,3,101,3,622.5892857142857,573.5,196.63,375.3333333333333,344.0,143.59,588.4285714285714,585.0,109.35,680.0,680.0,104.65,713.116,701.574,113.16,881.0,965.0,253.02
3400831,Pankower Tor,24,19,18,1,2,3,16,0,11,0,551.625,525.0,246.56,316.0,316.0,,,,,,,,,,,1368.5,1368.5,293.45
3500932,Bühringstraße,221,213,194,1,5,3,179,1,84,1,668.3463687150838,630.0,193.7,977.0,977.0,,968.6666666666666,651.0,642.39,648.0,648.0,,897.564,897.564,,745.3333333333334,723.0,58.77
3500933,Weißer See,424,319,289,3,12,10,270,2,146,2,625.174074074074,574.0,244.85,388.0,379.0,65.96,478.1666666666667,463.5,69.17,799.5,799.5,109.6,779.04,779.04,14.57,675.8571428571429,643.0,236.32
3500934,Weißenseer Spitze,285,268,238,1,3,14,218,1,104,1,647.9770642201835,617.5,202.87,,,,720.6666666666666,538.0,349.81,654.0,654.0,,723.333,723.333,,902.1538461538462,807.0,392.06
3500935,Behaimstraße,166,150,143,2,11,5,133,2,75,2,615.6015037593985,572.0,195.04,337.5,337.5,86.97,535.2,569.0,97.82,755.5,755.5,16.26,778.745,778.745,48.71,626.25,582.0,152.08
3500936,Komponistenviertel Weißensee,248,234,200,2,6,8,184,0,86,0,635.7282608695652,613.5,197.11,521.0,521.0,72.12,638.5,535.0,226.8,522.0,522.0,,,,,708.8571428571429,696.0,168.85
3501037,Rathaus Weißensee,393,362,333,7,27,4,307,11,169,4,620.2833876221498,587.0,188.29,395.75,366.5,73.79,655.2352941176471,607.0,161.59,614.1666666666666,575.5,194.66,947.0438181818182,954.943,172.37,623.25,623.0,108.06
3501038,Hansastraße,340,309,280,3,6,5,256,2,107,1,671.6171875,635.0,185.91,536.0,536.0,107.48,529.0,553.0,120.68,705.0,705.0,200.82,1045.3435,1045.3435,308.9,982.6666666666666,1016.0,482.86
3601139,Norweger Viertel,126,120,114,0,4,2,106,0,52,0,647.811320754717,614.5,217.79,,,,624.0,612.0,31.75,,,,,,,652.0,652.0,
3601140,Malmöer Straße,140,114,99,2,12,14,91,0,39,0,676.1538461538462,625.0,230.1,441.0,441.0,127.28,899.5,958.5,186.29,1205.0,1205.0,,,,,613.6666666666666,607.5,82.87
3601141,Arnimplatz,181,166,152,2,7,8,130,1,58,1,655.5615384615385,650.5,182.53,517.5,517.5,30.41,597.2,584.0,41.85,663.0,663.0,,888.24,888.24,,744.75,598.0,586.06
3601142,Falkplatz,278,248,218,0,15,15,198,3,92,3,654.5757575757576,629.0,225.58,,,,629.4285714285714,565.0,162.12,700.5,702.5,209.13,650.2363333333334,636.236,106.2,843.0,669.0,419.63
3601243,Rodenbergstraße,200,185,167,0,8,7,157,1,79,1,631.624203821656,601.0,176.86,,,,520.1428571428571,550.0,137.85,686.0,686.0,248.9,834.2,834.2,,1082.5,1169.0,338.84
3601244,Humannplatz,170,151,137,0,9,10,130,2,58,2,637.4846153846154,619.5,169.89,,,,577.6666666666666,556.0,151.95,638.5,638.5,72.83,657.4235,657.4235,86.67,1056.5,1118.0,354.63
3601245,Ostseestraße,426,402,370,4,12,12,342,1,184,1,626.0818713450292,591.0,225.04,459.25,499.0,136.01,631.0,579.0,176.7,,,,579.45,579.45,,1151.6,1110.0,489.48
3601346,Gethsemanekirche,114,104,93,0,4,6,89,0,52,0,610.4606741573034,575.0,200.75,,,,446.0,446.0,183.85,547.0,547.0,,,,,750.3333333333334,621.0,463.68
3601347,Helmholtzplatz,182,154,136,0,18,10,127,0,59,0,674.9448818897638,622.0,242.51,,,,568.6153846153846,558.0,90.39,1095.5,1095.5,876.11,,,,684.8888888888889,515.0,377.65
3601348,Senefelderstraße,148,137,125,0,4,7,113,1,64,1,588.3805309734513,583.0,144.94,,,,721.5,721.5,208.6,879.0,879.0,,869.34,869.34,,678.6,749.0,428.55
3601449,Michelangelostraße,524,481,430,11,25,18,395,5,196,3,632.0278481012658,604.0,180.22,534.4285714285714,528.0,47.3,680.0714285714286,649.5,256.54,750.0,744.0,63.32,1118.1936,890.503,433.22,912.0625,780.5,337.82
3601450,Volkspark Prenzlauer Berg,356,338,312,6,15,3,285,5,130,5,660.8350877192983,627.0,201.26,413.3333333333333,419.0,64.78,618.8181818181819,577.0,151.13,697.8333333333334,698.0,55.51,662.8820000000001,655.187,72.94,1005.0,1005.0,151.32
3601451,Anton-Saefkow-Park,191,176,156,0,8,7,133,0,53,0,657.4887218045113,635.0,214.01,,,,620.5,624.5,37.31,,,,,,,763.6,826.0,197.48
3601452,Velodrom,204,194,179,3,7,3,167,1,77,1,621.0479041916168,612.0,193.15,363.5,363.5,13.44,646.75,663.0,200.26,828.0,828.0,141.42,888.314,888.314,,657.0,657.0,
3601453,Alter Schlachthof,90,84,77,1,6,0,72,0,33,0,675.2361111111111,628.0,198.09,603.0,603.0,,537.0,554.0,73.98,,,,,,,,,
3701554,Teutoburger Platz,260,242,208,0,4,14,194,1,100,1,608.9896907216495,594.0,216.28,,,,481.6666666666667,476.0,17.21,699.0,699.0,,699.093,699.093,,875.0,602.0,463.03
3701555,Sredzkistraße,225,216,195,0,8,1,169,3,80,3,648.3491124260355,621.0,210.78,,,,518.5714285714286,494.0,77.7,499.3333333333333,503.0,94.55,782.322,782.233,30.45,452.0,452.0,
3701556,Kollwitzplatz,182,170,153,1,6,6,135,2,67,2,617.2814814814815,611.0,165.83,,,,632.6666666666666,583.0,116.16,668.0,614.0,127.86,612.577,612.577,1.64,852.6666666666666,881.5,248.34
3701657,Thälmannpark,147,135,120,1,6,6,104,1,40,1,683.2211538461538,661.0,197.58,461.0,461.0,,622.0,584.5,100.79,649.0,649.0,,648.364,648.364,,641.5,613.5,270.63
3701658,Christburger Straße,128,118,98,1,7,3,89,0,41,0,639.2247191011236,613.0,172.0,375.0,375.0,,567.3333333333334,580.0,118.54,,,,,,,976.5,976.5,419.31
3701659,Immanuelkirchstraße,161,145,123,1,6,10,115,1,62,1,615.2608695652174,589.0,179.36,,,,622.25,613.0,163.37,715.6666666666666,656.0,238.17,664.667,664.667,,969.0,1026.0,397.82
3701660,Bötzowstraße,239,226,208,0,10,3,194,1,100,1,627.8350515463917,599.0,188.87,,,,491.14285714285717,517.0,117.99,1043.3333333333333,736.0,654.56,736.114,736.114,,936.0,936.0,400.22
4100101,Jungfernheide/Plötzensee,638,583,510,7,27,24,450,3,149,3,692.1288888888889,673.0,185.88,405.8333333333333,394.5,96.96,705.9166666666666,707.5,131.75,751.6666666666666,756.0,41.67,811.8363333333333,804.003,25.23,1008.6190476190476,886.0,345.88
4100102,Paul-Hertz-Siedlung,346,330,303,4,13,3,280,0,101,0,717.1392857142857,667.0,233.12,630.6666666666666,630.0,62.0,507.5,564.5,234.27,744.0,744.0,4.24,,,,833.0,833.0,
4200203,Olympiagelände,130,115,102,1,6,9,95,2,35,1,685.9578947368421,655.0,264.64,561.0,561.0,,669.6,659.0,38.27,716.75,668.0,128.52,848.5564999999999,848.5564999999999,139.52,1214.7142857142858,1280.0,317.31
4200204,Angerburger Allee,151,143,127,2,2,6,117,0,34,0,688.2307692307693,655.0,180.65,540.5,540.5,81.32,596.0,596.0,,595.0,595.0,,,,,1141.1666666666667,1097.5,525.77
4200205,Flatowallee,188,161,145,1,6,4,137,2,34,2,746.2627737226277,701.0,228.19,616.0,616.0,,651.0,654.0,49.06,739.5,653.5,316.86,787.905,787.905,121.44,885.0,783.0,258.56
4200206,Kranzallee,88,79,72,0,1,8,64,0,17,0,749.46875,717.5,232.51,,,,,,,,,,,,,783.5,762.0,179.93
4200207,Eichkamp,133,120,103,0,6,7,99,1,21,0,760.2020202020202,709.0,218.57,,,,803.3333333333334,772.0,154.4,796.0,796.0,,930.726,930.726,,1303.6,1345.0,325.52
4200308,Branitzer Platz,405,257,231,1,8,9,205,2,85,2,677.3219512195122,652.0,243.44,,,,645.3333333333334,625.0,163.45,686.5,747.0,153.16,765.1320000000001,765.1320000000001,74.53,876.75,797.5,371.25
4200309,Neu Westend,233,219,194,0,6,8,170,2,74,2,680.1058823529412,629.5,204.59,,,,636.0,535.0,216.0,751.0,751.0,24.04,736.5550000000001,736.5550000000001,116.56,682.875,643.0,284.52
4200310,Fürstenplatz,359,339,303,4,10,10,264,2,145,2,627.1287878787879,592.0,187.88,541.75,534.5,79.97,932.5,861.5,366.6,798.25,705.0,356.68,768.3235,768.3235,117.43,940.5714285714286,728.0,444.89
4200311,Königin-Elisabeth-Straße,434,387,355,7,23,22,308,5,160,5,638.1883116883117,596.0,240.25,427.6,394.0,124.16,711.0,771.0,137.58,586.2857142857143,624.0,182.43,753.5354,737.533,56.28,733.8333333333334,618.5,314.15
4300412,Schlossgarten,371,271,246,0,13,8,210,1,112,1,653.8571428571429,597.0,269.27,,,,572.125,595.0,114.26,762.0,776.5,129.22,605.107,605.107,,864.1428571428571,752.0,297.66
4300413,Klausenerplatz,335,317,290,5,8,10,266,1,157,1,596.2406015037594,554.0,223.81,399.8,413.0,71.77,459.3333333333333,465.0,10.69,812.5,812.5,327.39,796.01,796.01,,579.2857142857143,595.0,138.22
4300414,Schloßstraße,347,317,296,4,15,15,263,3,152,1,574.2927756653993,531.0,218.44,305.0,331.0,75.44,841.6666666666666,917.0,229.97,639.25,476.5,349.2,865.8263333333334,979.616,276.84,933.8461538461538,719.0,474.86
4300415,Lietzensee,280,262,227,1,6,12,209,1,120,1,615.2248803827752,570.0,232.38,,,,,,,756.0,756.0,,755.77,755.77,,691.1818181818181,631.0,424.61
4300416,Amtsgerichtsplatz,386,362,315,5,13,11,293,3,198,3,552.1638225255973,499.0,205.92,387.6666666666667,369.0,129.02,455.2,434.0,106.94,699.0,545.0,273.69,567.591,545.85,55.54,681.625,616.0,268.56
4300517,Tegeler Weg,427,390,343,6,22,15,309,2,176,2,621.9320388349514,575.0,208.04,531.0,541.0,102.02,522.8,584.0,246.47,933.75,695.5,534.64,621.4515,621.4515,41.7,843.0,866.0,315.09
4300518,Kaiserin-Augusta-Allee,445,404,363,1,34,7,319,19,158,18,633.8557993730408,604.0,196.89,416.0,416.0,,560.6470588235294,537.0,68.64,704.6111111111111,658.5,128.11,714.185052631579,697.15,114.65,598.5714285714286,587.0,275.67
4300619,Alt-Lietzow,296,280,252,1,8,8,232,1,144,0,607.1896551724138,570.5,203.69,476.0,476.0,,562.3333333333334,545.0,126.89,1105.0,1105.0,,905.476,905.476,,749.125,662.0,246.53
4300620,Spreestadt,172,147,134,0,17,8,117,6,73,6,588.2307692307693,558.0,182.79,,,,474.07142857142856,475.5,74.49,642.75,611.0,181.77,633.6706666666668,633.005,73.17,721.0,668.0,426.16
4300621,Richard-Wagner-Straße,438,410,367,5,13,15,330,4,193,4,593.2242424242424,560.5,200.93,397.6666666666667,363.0,82.65,557.25,527.5,84.84,741.5,690.5,124.2,715.71,726.3845,132.74,721.2307692307693,659.0,218.9
4300622,Ernst-Reuter-Platz,327,289,264,1,24,14,237,12,142,10,592.3164556962025,574.0,183.32,,,,562.4285714285714,541.0,161.4,659.1333333333333,626.0,170.62,755.9585833333334,679.2335,186.94,871.2,719.0,374.75
4300623,Karl-August-Platz,511,465,410,7,19,27,384,4,232,3,588.0729166666666,554.5,196.55,475.25,390.5,232.4,501.6666666666667,460.0,94.08,591.75,666.5,211.69,789.9085,742.71,289.64,788.8695652173913,702.0,327.26
4300624,Savignyplatz,329,318,283,1,7,4,268,2,173,2,578.4850746268656,556.0,178.51,512.0,512.0,,563.25,526.0,122.86,793.3333333333334,739.0,345.72,518.7570000000001,518.7570000000001,65.78,765.0,777.0,300.18
4400725,Güterbahnhof Grunewald,11,8,8,0,0,3,6,0,3,0,607.3333333333334,594.5,321.46,,,,,,,,,,,,,834.5,834.5,741.76
4400726,Bismarckallee,189,173,162,2,6,10,142,0,57,0,666.5985915492957,639.5,196.38,641.0,641.0,,646.3333333333334,614.0,91.87,771.0,771.0,,,,,852.0,698.5,324.09
4400727,Flinsberger Platz,373,256,227,5,8,7,202,0,82,0,656.4554455445544,640.5,186.07,570.6666666666666,567.0,42.62,,,,,,,,,,700.4285714285714,778.0,250.81
4400728,Hagenplatz,96,92,87,3,2,2,81,0,22,0,713.6172839506173,696.0,209.08,557.3333333333334,538.0,90.56,1325.0,1325.0,,,,,,,,711.0,711.0,83.44
4400729,Hundekehle,104,94,82,1,4,6,73,1,12,1,771.6712328767123,735.0,206.37,607.0,607.0,,700.5,700.5,27.58,811.0,811.0,,706.996,706.996,,931.5,942.5,235.22
4400830,Forckenbeckstraße,354,328,300,3,19,7,276,4,101,4,693.5471014492754,660.0,202.04,499.0,490.0,60.01,614.2727272727273,592.0,95.61,791.6666666666666,743.5,248.06,785.3997499999999,802.2745,59.56,810.7142857142857,761.0,267.29
4400831,Messelpark,72,64,59,0,2,6,55,1,10,0,739.1636363636363,711.0,144.24,,,,666.0,666.0,,737.0,737.0,,1261.11,1261.11,,1270.0,1204.5,262.54
4400832,Breite Straße,245,238,210,1,3,3,197,1,76,1,668.8984771573604,666.0,160.0,655.0,655.0,,529.5,529.5,44.55,792.0,792.0,,861.4,861.4,,847.0,651.0,435.45
4400833,Schlangenbader Straße,203,194,173,3,7,2,160,1,74,1,648.1375,623.0,191.19,398.6666666666667,329.0,134.76,653.0,636.5,110.07,642.0,642.0,,722.933,722.933,,1349.0,1349.0,108.89
4400834,Binger Straße,121,115,102,2,3,2,96,0,48,0,613.3125,605.5,176.83,417.0,417.0,55.15,628.0,619.0,61.99,877.0,877.0,,,,,1212.5,1212.5,132.23
4400835,Rüdesheimer Platz,276,262,239,6,3,11,211,0,115,0,622.9715639810427,586.0,182.18,507.0,527.0,75.62,553.0,553.0,84.85,637.0,637.0,,,,,996.875,1033.0,340.42
4500936,Droysenstraße,219,202,185,3,11,6,173,2,104,2,598.7341040462428,549.0,191.55,302.0,257.0,82.31,589.0,618.0,96.85,669.0,640.0,71.71,642.828,642.828,4.41,483.25,504.5,157.19
4500937,Halensee,306,281,248,2,12,13,223,5,135,4,601.2690582959641,562.0,217.09,427.5,427.5,2.12,543.2222222222222,529.0,135.74,664.6666666666666,650.5,106.54,739.9896000000001,723.94,101.84,895.8571428571429,775.0,271.85
4500938,Hochmeisterplatz,313,297,268,2,6,10,252,3,156,2,595.3650793650794,562.5,201.64,407.0,407.0,,716.0,732.5,170.97,711.5,711.5,345.78,810.757,805.04,139.96,626.7142857142857,596.0,169.22
4500939,Eisenzahnstraße,256,243,213,0,5,8,185,3,121,3,591.1567567567567,541.0,196.03,,,,537.75,458.5,180.98,624.75,600.0,90.97,666.8636666666666,609.81,149.1,725.75,622.5,314.08
4501040,Hindemithplatz,186,170,150,0,6,10,138,1,84,1,608.3405797101449,551.0,223.71,,,,560.5,556.5,81.04,510.0,510.0,,602.5930000000001,602.5930000000001,,911.6666666666666,782.0,380.4
4501041,George-Grosz-Platz,236,217,194,2,11,8,174,3,98,3,614.5057471264367,560.0,188.78,383.0,383.0,83.44,535.8333333333334,540.0,35.07,831.0,622.0,472.51,677.181,645.446,102.57,844.625,724.5,365.97
4501042,Breitscheidplatz,985,905,822,3,60,20,742,14,451,14,594.2911051212938,563.5,186.49,398.0,398.0,,500.6666666666667,470.0,109.61,668.5217391304348,683.0,134.36,655.7460714285714,651.2735,69.59,575.2352941176471,562.0,170.18
4501043,Preußenpark,358,329,289,2,20,9,272,9,180,9,578.3161764705883,547.5,179.9,463.0,463.0,0.0,554.8,511.5,131.37,586.3333333333334,579.0,102.67,639.7993333333334,631.797,132.14,840.5,721.5,523.43
4501044,Ludwigkirchplatz,217,201,179,3,12,4,165,8,115,7,557.0121212121212,522.0,170.04,360.0,360.0,65.05,510.7142857142857,493.0,139.63,616.0,588.0,111.52,865.143,658.21,528.49,494.0,484.0,27.4
4501045,Schaperstraße,391,360,324,4,16,15,301,7,193,7,580.7906976744187,537.0,213.93,412.3333333333333,417.0,22.37,473.15384615384613,407.0,138.15,684.7857142857143,668.0,81.8,712.0832857142857,706.217,85.88,583.0,560.0,132.66
4501146,Barstraße,149,134,122,1,10,5,109,2,67,2,580.8899082568807,543.0,183.53,,,,397.2,455.0,127.73,541.0,541.0,4.24,679.903,679.903,77.16,831.5,723.0,294.2
4501147,Leon-Jessel-Platz,172,159,146,1,6,7,136,2,92,2,548.1176470588235,511.5,199.25,493.0,493.0,,429.25,419.0,55.16,535.0,535.0,38.18,564.903,564.903,113.69,922.5714285714286,876.0,505.0
4501148,Brabanter Platz,220,142,122,4,5,7,114,0,64,0,583.2456140350877,572.0,169.7,366.0,366.0,12.73,,,,708.0,708.0,,,,,810.3333333333334,784.0,262.14
4501149,Nikolsburger Platz,346,318,271,6,12,13,259,5,176,4,568.7683397683397,538.0,190.49,358.6,386.0,55.44,513.2727272727273,482.0,117.83,513.0,501.0,49.33,764.8444000000001,753.39,238.53,628.4,611.0,310.87
4501150,Wilhelmsaue,197,186,172,0,7,4,163,2,96,1,591.2453987730062,560.0,209.29,,,,906.75,685.5,612.2,794.0,794.0,82.02,798.78,798.78,161.6,772.0,802.0,105.26
4501151,Hildegardstraße,187,178,159,0,7,2,146,2,92,1,568.472602739726,546.0,160.06,,,,611.2,530.0,177.82,815.0,815.0,16.97,871.8095000000001,871.8095000000001,62.94,613.5,613.5,143.54
4501152,Prager Platz,223,208,193,0,9,6,181,1,116,1,585.6961325966851,546.0,185.68,,,,463.3333333333333,461.0,14.64,632.0,632.0,,728.316,728.316,,835.25,698.5,417.76
4501153,Babelsberger Straße,279,253,226,3,13,13,206,1,119,1,602.4805825242719,570.5,187.18,485.3333333333333,490.0,224.04,637.8181818181819,544.0,363.56,604.2,603.0,73.13,656.29,656.29,,970.3636363636364,808.0,425.7
5100101,Hakenfelde Nord,284,278,260,1,3,2,231,0,53,0,788.6103896103896,749.0,253.52,702.0,702.0,,1119.5,1119.5,19.09,,,,,,,1731.5,1731.5,61.52
5100102,Am Forstacker,153,147,134,2,2,4,121,0,47,0,662.1652892561983,664.0,145.71,659.5,659.5,67.18,760.0,760.0,41.01,,,,,,,1095.5,833.0,527.0
5100103,Mertensstraße,208,195,172,1,7,6,154,1,64,1,675.1038961038961,632.0,178.78,,,,667.2,654.0,43.97,969.0,969.0,367.7,888.25,888.25,,1075.8,1129.0,366.87
5100104,Maselake,304,290,265,6,10,4,245,5,108,3,668.8163265306123,635.0,197.36,457.2,457.0,96.07,582.4285714285714,571.0,147.56,659.0,673.0,49.44,863.4658,888.203,103.13,1497.0,1497.0,254.56
5100105,Amorbacher Weg,236,225,198,3,3,7,168,0,78,0,647.5119047619048,627.0,195.04,585.0,585.0,,626.0,626.0,,,,,,,,1019.8571428571429,760.0,437.5
5100206,Griesingerstraße,300,179,160,0,7,6,136,1,67,0,691.3161764705883,610.5,305.66,,,,868.8,865.0,88.04,938.25,914.0,157.45,970.187,970.187,,1205.75,1095.5,424.49
5100207,An der Tränke,77,75,66,0,1,1,53,0,11,0,753.9811320754717,696.0,235.26,,,,524.0,524.0,,,,,,,,,,
5100208,Im Spektefeld,472,440,389,7,16,16,324,1,138,1,660.0123456790124,635.0,191.93,654.5,654.5,61.52,737.8333333333334,705.5,237.32,783.125,721.5,175.34,635.7,635.7,,1227.5,1144.0,492.93
5100209,Westerwaldstraße,417,394,359,2,12,11,326,1,144,1,659.1687116564417,624.5,205.88,463.0,463.0,22.63,850.5555555555555,665.0,403.13,877.5,877.5,14.85,876.656,876.656,,879.0,927.0,141.84
5100210,Germersheimer Platz,258,248,223,1,7,3,195,1,105,1,614.6205128205128,589.0,191.57,467.0,467.0,,604.0,594.0,60.72,652.5,652.5,12.02,653.42,653.42,,685.0,685.0,15.56
5100211,An der Kappe,232,225,206,3,5,2,175,2,98,2,632.4457142857143,596.0,199.65,551.3333333333334,562.0,38.14,699.0,699.0,156.98,708.0,708.0,53.74,737.5835,737.5835,31.24,1124.5,1124.5,785.6
5100312,Eckschanze,128,122,112,4,3,3,101,0,52,0,613.6831683168317,598.0,248.46,508.3333333333333,508.0,93.5,568.0,568.0,,,,,,,,999.3333333333334,1050.0,418.31
5100313,Eiswerder,382,363,334,4,8,10,299,1,173,1,596.752508361204,541.0,231.09,412.0,412.0,56.57,685.3333333333334,704.5,149.62,,,,672.9,672.9,,856.6666666666666,769.0,272.37
5100314,Kurstraße,350,213,190,3,21,11,165,9,106,8,548.4969696969697,489.0,198.13,,,,561.5555555555555,510.5,204.66,661.5,656.0,201.17,695.6792222222223,677.987,152.0,761.0,564.0,500.63
5100315,Ackerstraße,286,273,254,0,6,7,220,2,144,2,572.1272727272727,535.5,193.24,,,,575.8333333333334,570.5,69.14,636.0,636.0,124.45,662.9665,662.9665,110.05,1288.8333333333333,1528.0,528.6
5100316,Carl-Schurz-Straße,723,675,615,4,26,21,549,4,364,4,583.4590163934427,556.0,189.79,484.25,508.5,81.99,591.8571428571429,602.0,151.12,758.5,729.5,154.47,728.11025,745.7985,112.38,903.7368421052631,755.0,414.0
5100317,Freiheit,274,244,204,3,24,6,180,4,113,4,614.9111111111112,568.5,213.31,469.5,469.5,160.51,667.2777777777778,631.0,242.82,612.5,504.0,237.25,721.44575,724.4465,41.86,878.0,874.5,249.79
5200418,Isenburger Weg,65,60,53,1,5,0,47,0,12,0,766.063829787234,791.0,192.7,,,,539.0,539.0,21.21,1100.0,1100.0,,,,,,,
5200419,Am Heideberg,47,46,44,1,0,1,37,0,14,0,668.3783783783783,696.0,228.62,,,,,,,,,,,,,,,
5200420,Staakener Straße,195,179,166,4,14,2,148,4,67,3,643.8716216216217,631.0,158.19,486.25,508.0,69.03,733.7,665.0,374.25,690.0,695.0,142.92,777.19225,727.2415,159.77,,,
5200421,Spandauer Straße,134,129,117,3,5,0,101,1,25,1,732.6336633663366,697.0,193.18,628.0,628.0,,735.0,654.5,200.46,750.0,750.0,,878.313,878.313,,,,
5200422,Werkstraße,61,55,51,0,5,1,45,2,10,0,776.4,742.0,229.54,,,,1421.6666666666667,1690.0,511.35,947.0,947.0,158.39,1049.9185,1049.9185,35.08,,,
5200423,Magistratsweg,314,304,275,3,5,5,219,1,54,1,724.5251141552511,702.0,186.5,690.5,690.5,125.16,760.0,760.0,52.33,722.6666666666666,726.0,98.04,840.157,840.157,,819.25,841.0,153.35
5200524,Döberitzer Weg,98,94,87,0,1,3,76,0,13,0,783.671052631579,723.0,214.71,,,,653.0,653.0,,,,,,,,1471.0,1471.0,338.0
5200525,Pillnitzer Weg,105,102,96,1,2,1,86,0,15,0,743.4767441860465,684.0,196.66,649.0,649.0,,1887.0,1887.0,,898.0,898.0,,,,,1241.0,1241.0,
5200526,Rudolf-Wissell-Großsiedlung,207,198,192,1,5,4,163,0,41,0,705.1042944785277,668.0,184.69,,,,1462.0,1462.0,,683.5,683.5,31.82,,,,843.6666666666666,842.0,155.51
5200527,Maulbeerallee,526,481,434,5,23,21,392,5,166,3,695.9770408163265,638.0,225.74,517.2,558.0,139.33,892.7692307692307,781.0,400.95,710.25,591.0,244.95,849.1852000000001,753.17,260.65,988.6470588235294,815.0,423.83
5200528,Weinmeisterhornweg,301,286,262,3,7,8,233,1,94,0,688.244635193133,645.0,211.94,586.6666666666666,579.0,95.73,618.0,618.0,22.63,633.0,633.0,,1001.016,1001.016,,720.6,618.0,165.39
5200629,Borkumer Straße,658,628,561,6,15,15,503,1,342,1,583.868787276342,545.0,208.46,471.8333333333333,446.5,104.24,598.5,602.0,185.38,577.0,577.0,52.33,714.63,714.63,,687.2,632.5,150.44
5200630,Wilhelmstadt West,358,347,318,2,9,2,286,1,187,1,574.6573426573426,504.0,221.82,426.5,426.5,77.07,422.625,414.0,29.14,976.0,976.0,810.34,687.28,687.28,,524.0,524.0,
5200631,Wilhelmstadt Ost,295,266,236,5,13,15,215,2,146,2,570.0558139534884,504.0,234.86,434.3333333333333,487.0,97.35,434.25,422.5,81.77,730.5,730.5,423.56,738.22,738.22,50.44,639.4166666666666,470.5,425.68
5200632,Tiefwerder,161,145,134,0,2,14,118,0,79,0,587.6864406779661,562.0,144.66,,,,,,,,,,,,,908.0,638.0,518.36
5200633,Graetschelsteig,128,125,115,2,1,2,102,0,75,0,570.8333333333334,529.0,178.63,468.0,468.0,,584.0,584.0,,,,,,,,987.0,987.0,
5200634,Börnicker Straße,156,145,121,0,3,8,112,3,54,3,645.6964285714286,615.0,180.07,,,,475.0,475.0,,570.0,570.0,,772.0889999999999,811.75,77.86,845.2857142857143,743.0,483.68
5300735,Haveleck,84,75,70,1,4,5,65,1,23,1,701.123076923077,654.0,220.18,411.0,411.0,,715.0,693.5,95.4,1017.0,1017.0,,841.58,841.58,,1042.0,1057.0,214.33
5300736,Zitadellenweg,208,185,167,1,8,14,150,1,86,1,599.72,578.5,166.4,655.0,655.0,,708.3333333333334,659.0,147.39,626.0,626.0,,625.9970000000001,625.9970000000001,,1036.4,984.5,325.53
5300737,Gartenfelder Straße,418,397,367,4,8,12,321,1,122,1,674.2616822429907,666.0,227.16,495.0,500.0,183.55,723.8,698.0,149.32,783.0,783.0,,807.03,807.03,,982.5555555555555,1059.0,320.2
5300838,Gartenfeld,13,8,8,0,4,1,8,3,2,1,812.0,731.0,398.78,,,,1146.0,1081.0,297.87,949.6666666666666,969.0,48.95,1052.768,1081.397,141.19,904.0,904.0,
5300839,Rohrdamm,262,230,216,1,17,15,198,5,88,4,669.9040404040404,636.5,183.81,,,,697.0,695.5,124.2,1037.3333333333333,848.0,340.13,782.9818,718.61,107.01,780.0833333333334,721.5,168.51
5300840,Nonnendammallee,109,96,93,0,8,5,82,7,29,7,709.3414634146342,676.0,266.73,,,,652.8333333333334,691.0,261.31,806.8571428571429,796.0,144.92,807.8327142857142,803.874,44.91,957.0,871.0,244.09
5300841,Siemensdamm,153,137,117,2,10,6,109,5,53,5,619.1376146788991,601.0,159.24,470.0,470.0,63.64,632.3333333333334,634.5,99.33,775.75,757.0,83.44,702.0382000000002,690.97,71.04,989.2,967.0,328.1
5400942,Alt-Gatow,195,130,116,1,5,6,93,0,30,0,760.6236559139785,668.0,280.94,392.0,392.0,,847.0,847.0,,899.5,899.5,24.75,,,,938.0,1011.5,218.26
5400943,Jägerallee,224,199,182,4,5,20,152,1,75,1,699.4671052631579,606.0,289.45,652.0,652.0,,988.75,827.0,424.35,,,,859.467,859.467,,1060.0,1148.5,421.82
5400944,Kladower Damm,86,84,76,1,0,1,66,0,41,0,655.030303030303,519.0,331.19,,,,,,,,,,,,,807.0,807.0,
5400945,Kafkastraße,135,123,112,1,3,9,90,2,45,0,669.5555555555555,603.0,240.74,,,,731.5,731.5,78.49,,,,1684.608,1684.608,571.38,298.6,179.0,312.83
6100101,Fichtenberg,283,272,244,5,4,7,222,0,100,0,658.8738738738739,638.0,208.78,443.8,428.0,111.52,1662.0,1662.0,,,,,,,,1189.5,1267.0,350.26
6100102,Schloßstraße,376,352,314,1,18,6,284,0,152,0,629.2042253521126,595.5,201.47,,,,589.4285714285714,587.0,132.62,,,,,,,853.6,814.0,396.68
6100103,Markelstraße,292,262,235,1,23,7,202,4,109,4,623.9306930693069,574.5,194.66,,,,633.0,519.0,242.22,696.25,716.5,97.56,742.9047499999999,731.3779999999999,52.2,965.8333333333334,770.5,478.64
6100204,Munsterdamm,181,179,158,4,2,0,144,0,74,0,641.7222222222222,598.5,193.86,560.0,560.0,161.22,471.0,471.0,,,,,,,,,,
6100205,Südende,282,269,246,3,6,7,223,1,123,1,620.3273542600897,591.0,201.23,510.0,500.0,96.39,623.0,614.5,208.08,865.0,865.0,,885.656,885.656,,810.0,635.0,420.28
6100206,Stadtpark,323,311,268,5,7,5,235,1,118,1,626.5872340425532,616.0,199.28,403.6,392.0,74.0,560.5,560.5,37.48,614.0,614.0,,589.087,589.087,,861.3333333333334,729.0,230.07
6100207,Mittelstraße,233,220,193,2,7,6,172,2,90,1,632.3488372093024,591.0,220.61,447.5,447.5,115.26,618.3333333333334,581.0,193.71,682.5,682.5,26.16,893.2355,893.2355,23.36,712.75,489.5,522.96
6100208,Bergstraße,220,207,184,1,8,5,167,2,95,2,585.0419161676647,559.0,212.73,274.0,274.0,,501.5,442.5,157.63,724.5,724.5,21.92,741.508,741.508,33.92,665.2,605.0,403.15
6100209,Feuerbachstraße,239,222,209,2,5,12,189,0,116,0,599.2910052910053,554.0,209.5,542.0,542.0,,465.3333333333333,474.0,65.43,767.0,767.0,,,,,772.5,597.5,363.27
6100210,Bismarckstraße,166,158,136,2,4,4,122,0,77,0,578.1803278688525,550.5,168.29,482.0,482.0,60.81,513.0,513.0,41.01,816.0,816.0,,,,,1239.5,1239.5,359.92
6200311,Alt-Lankwitz,194,183,160,0,5,6,150,0,66,0,655.4733333333334,630.5,159.42,,,,579.5,579.5,68.59,,,,,,,1187.3333333333333,962.5,434.41
6200312,Komponistenviertel Lankwitz,239,229,210,8,7,3,186,0,84,0,641.2150537634409,619.0,201.04,536.6,571.0,94.25,545.5,618.0,192.78,994.0,994.0,,,,,894.3333333333334,875.0,346.4
6200313,Lankwitz Kirche,303,289,267,1,8,6,236,1,111,1,650.4618644067797,623.0,196.39,666.0,666.0,,615.0,617.0,27.75,693.0,693.0,,688.44,688.44,,1100.2,696.0,639.43
6200314,Kaiser-Wilhelm-Straße,208,199,184,3,4,5,160,1,92,0,615.85625,581.0,168.25,564.0,609.0,84.08,950.5,950.5,236.88,823.5,823.5,202.94,1117.914,1117.914,,671.3333333333334,600.0,197.89
6200315,Gallwitzallee,359,275,249,5,7,7,228,1,96,1,673.7631578947369,648.5,229.5,554.6666666666666,515.0,83.86,720.6666666666666,725.0,68.6,648.0,648.0,205.06,792.823,792.823,,773.8,697.0,202.46
6200316,Belßstraße,272,258,237,2,8,6,219,0,107,0,653.6255707762557,606.0,203.78,443.0,443.0,,937.6666666666666,600.0,604.88,614.0,614.0,,,,,839.4,626.0,434.07
6200317,Lankwitz Süd,178,171,151,2,4,3,137,0,58,0,669.2554744525547,646.0,211.46,637.0,637.0,,1103.0,1103.0,,901.0,901.0,,,,,1148.3333333333333,1152.0,535.51
6200419,Thermometersiedlung,181,166,148,1,8,7,137,0,31,0,746.5036496350365,728.0,199.74,690.0,690.0,,565.2,561.0,95.64,895.0,895.0,,,,,715.8333333333334,633.0,248.25
6200420,Lichterfelde Süd,286,275,234,4,4,7,216,0,68,0,735.8935185185185,702.5,223.37,551.5,551.5,60.1,760.0,760.0,,763.0,763.0,,,,,901.4,722.0,537.35
6200421,Königsberger Straße,327,267,232,4,5,7,202,0,111,0,628.7970297029703,570.5,217.85,534.6666666666666,551.0,81.73,1031.5,1031.5,828.02,,,,,,,1481.75,1791.0,691.89
6200422,Oberhofer Platz,251,237,217,2,6,8,185,0,90,0,631.1621621621622,607.0,207.01,466.0,466.0,16.97,590.5,576.5,40.86,897.0,897.0,,,,,713.1666666666666,656.0,197.42
6200423,Schütte-Lanz-Straße,381,347,315,6,26,8,287,0,75,0,735.8571428571429,689.0,209.67,602.6,583.0,56.73,674.2,698.0,176.21,756.0,756.0,,,,,874.0,731.0,419.24
6300524,Berlepschstraße,178,165,148,1,7,6,138,2,51,2,698.9782608695652,645.5,185.65,513.0,513.0,,738.6,627.0,294.06,720.0,698.0,225.81,812.8165,812.8165,43.03,809.75,736.5,226.06
6300525,Zehlendorf Süd,170,164,154,3,4,2,140,1,14,1,776.1285714285714,723.5,186.58,590.5,590.5,129.4,629.0,629.0,,711.0,711.0,49.5,839.827,839.827,,1209.5,1209.5,762.97
6300526,Zehlendorf Mitte,184,171,160,1,7,6,137,1,69,1,652.5401459854014,617.0,246.12,,,,807.4,808.0,187.83,,,,694.44,694.44,,1418.75,1688.5,612.36
6300527,Sundgauer Straße,248,231,204,3,4,13,191,0,96,0,641.0471204188482,601.0,203.87,410.5,410.5,119.5,524.0,524.0,,,,,,,,893.1,646.0,588.35
6300528,Teltower Damm,492,382,354,2,9,7,323,2,122,2,710.671826625387,654.0,211.17,625.0,625.0,15.56,653.5714285714286,643.0,96.02,697.5,677.0,82.71,781.4265,781.4265,38.83,899.1666666666666,729.0,419.88
6300629,Botanischer Garten,173,162,144,4,5,6,131,1,46,1,698.4274809160305,674.0,195.95,475.0,475.0,29.7,625.5,625.5,55.86,665.0,665.0,,636.76,636.76,,980.4,704.0,457.44
6300630,Hindenburgdamm,264,142,125,1,11,6,113,0,48,0,668.4690265486726,625.0,207.78,720.0,720.0,,664.25,591.5,146.34,795.8333333333334,847.5,121.11,,,,745.2,687.0,261.23
6300631,Goerzwerke,135,126,118,0,2,7,111,1,35,1,714.3693693693693,696.0,206.85,,,,749.0,749.0,,765.0,765.0,,764.916,764.916,,1043.8,661.0,666.88
6300632,Schweizer Viertel,332,314,275,1,14,4,254,4,113,1,692.4488188976378,634.0,240.12,379.0,379.0,,682.25,637.0,200.95,762.2,775.0,68.27,953.716,1000.3615,117.86,1081.6666666666667,777.0,587.57
6300633,Augustaplatz,290,272,246,6,13,5,227,1,119,1,653.5418502202643,601.0,207.0,571.0,580.5,53.57,588.8,537.0,108.53,769.0,769.0,65.05,720.374,720.374,,961.0,750.0,413.11
6300634,Lichterfelde West,266,253,234,1,7,6,221,1,105,1,666.6425339366516,628.0,193.55,475.0,475.0,,643.25,668.5,67.19,696.0,696.0,,735.443,735.443,,874.2,786.0,443.8
6400735,Wannsee,367,338,303,0,11,17,252,2,94,0,726.2380952380952,669.5,242.4,,,,743.5555555555555,737.0,157.38,1042.5,1057.0,156.8,1204.0349999999999,1204.0349999999999,241.58,1077.0,1140.0,292.8
6400736,Düppel,240,224,200,3,4,6,180,1,49,0,735.1333333333333,685.0,230.16,572.0,572.0,56.57,618.0,618.0,108.89,1288.0,1288.0,,1287.647,1287.647,,1094.6666666666667,1265.0,880.94
6400737,Nikolassee,410,345,312,4,19,19,270,3,130,3,675.8592592592593,618.0,232.67,563.5,563.5,23.33,730.0,676.0,204.15,802.2,819.0,149.93,787.5056666666666,818.743,115.38,869.3076923076923,782.0,411.62
6400838,Krumme Lanke,218,163,151,1,5,11,132,0,29,0,739.0378787878788,694.5,199.49,573.0,573.0,,708.6666666666666,690.0,52.55,860.0,860.0,,,,,1145.5555555555557,1057.0,451.04
6400839,Fischerhüttenstraße,202,190,166,4,3,9,149,1,63,1,684.6778523489933,648.0,240.48,500.6666666666667,508.0,62.32,872.3333333333334,757.0,341.91,602.0,602.0,,679.957,679.957,,744.6666666666666,646.0,239.27
6400840,Fischtal,180,172,156,1,1,7,143,0,68,0,706.8741258741259,626.0,246.45,479.0,479.0,,886.0,886.0,,,,,,,,989.0,669.0,572.62
6400841,Zehlendorf Eiche,221,210,195,3,7,4,178,2,86,2,638.8651685393259,619.0,244.44,295.5,295.5,130.81,503.14285714285717,510.0,46.76,650.5,650.5,169.0,746.4929999999999,746.4929999999999,144.59,502.0,314.0,470.09
6400842,Hüttenweg,139,123,112,0,7,9,99,0,28,0,773.6262626262626,771.0,228.82,,,,1017.0,1017.0,,585.0,585.0,,,,,962.8571428571429,777.0,434.15
6400843,Thielallee,120,108,94,0,8,4,86,3,34,1,683.0,645.0,204.74,,,,883.0,645.0,507.33,669.6666666666666,639.0,61.98,858.4223333333333,902.543,100.59,968.75,883.0,344.94
6400844,Dahlem,254,240,220,2,5,8,196,0,58,0,698.2244897959183,672.5,168.06,565.0,565.0,28.28,643.5,643.5,30.41,,,,,,,905.5714285714286,717.0,352.48
7100101,Wittenbergplatz,468,443,397,8,13,12,362,5,206,5,605.0552486187845,576.0,190.59,434.57142857142856,448.0,69.24,502.5,518.0,71.75,579.8571428571429,625.0,179.54,701.9133999999999,757.577,101.58,643.0,622.0,144.54
7100102,Kalckreuthstraße,423,393,356,2,19,11,332,6,189,6,604.2198795180723,578.5,185.76,510.5,510.5,4.95,484.9166666666667,499.0,72.49,721.5714285714286,728.0,160.01,699.5506666666666,730.0699999999999,93.98,724.5,652.5,265.83
7100103,Frobenstraße,307,279,249,2,14,14,222,5,129,5,598.2297297297297,576.0,173.74,411.5,411.5,51.62,569.1,533.5,105.1,662.5,642.0,111.6,702.1980000000001,716.956,41.82,848.8461538461538,907.0,250.69
7100204,Barbarossaplatz,221,204,184,4,9,8,172,4,108,4,587.4476744186046,560.5,161.96,521.25,502.0,106.84,499.8,499.0,51.97,633.4,578.0,125.73,620.8677499999999,619.207,49.92,942.4,862.0,229.03
7100205,Alvenslebenstraße,230,202,187,3,9,18,166,4,95,4,590.4819277108434,569.5,171.98,464.5,464.5,14.85,557.625,549.0,64.66,569.0,537.0,56.29,769.19675,822.1885,163.17,653.375,634.0,247.81
7100206,Großgörschenstraße,265,244,210,1,12,9,188,3,101,3,606.3989361702128,598.0,162.48,,,,568.2222222222222,572.0,112.56,711.3333333333334,687.0,59.37,665.7956666666668,666.797,54.48,777.75,757.0,177.82
7200307,Bayerischer Platz,309,284,257,3,12,13,228,2,155,2,587.6184210526316,548.5,181.12,494.3333333333333,474.0,67.83,523.625,531.0,52.77,696.0,696.0,220.62,575.0150000000001,575.0150000000001,55.25,875.6,810.0,370.04
7200308,Volkspark (Rudolph-Wilde-Park),370,342,295,5,11,16,271,2,173,2,582.6162361623616,556.0,186.67,503.0,503.0,28.28,526.8333333333334,522.0,99.44,995.0,995.0,118.79,764.1735000000001,764.1735000000001,131.62,895.2666666666667,950.0,322.86
7200409,Belziger Straße,284,256,224,1,16,11,209,2,140,2,555.9282296650717,529.0,171.36,330.0,330.0,,575.8888888888889,557.0,79.78,734.25,734.5,82.64,641.21,641.21,165.1,750.1428571428571,710.0,226.17
7200410,Feurigstraße,273,248,223,4,8,17,206,1,136,0,555.2281553398059,530.5,231.66,433.5,425.0,94.54,488.0,452.0,138.5,,,,9168.82,9168.82,,696.4,602.0,342.29
7200411,Julius-Leber-Brücke,95,86,76,0,6,3,71,0,47,0,579.9577464788732,504.0,274.84,,,,596.5,597.5,97.39,,,,,,,965.0,965.0,377.6
7200412,Schöneberger Linse,95,88,79,2,2,5,75,1,43,1,608.7066666666667,574.0,205.0,348.5,348.5,54.45,542.5,542.5,62.93,703.0,703.0,,724.953,724.953,,1212.0,1199.0,226.7
7200413,Cheruskerstraße,323,303,266,2,7,13,256,5,146,4,604.69140625,568.5,179.47,415.5,415.5,171.83,610.3333333333334,597.5,85.55,672.0,633.0,253.9,725.7412,646.616,159.68,863.4166666666666,712.5,305.19
7200414,Hohenfriedbergstraße,79,69,58,0,3,7,52,0,31,0,634.5576923076923,570.0,271.81,,,,414.0,414.0,,795.0,795.0,,,,,730.1666666666666,637.0,245.24
7300515,Taunusstraße,125,118,109,1,2,5,100,0,59,0,586.39,575.0,192.98,,,,,,,713.0,713.0,,,,,1007.25,855.0,445.72
7300516,Odenwaldstraße,252,238,210,1,10,4,192,0,103,0,638.2291666666666,587.0,225.23,,,,581.2,536.0,95.79,650.0,650.0,,,,,623.0,623.0,137.18
7300517,Perelsplatz,296,273,249,3,17,6,219,5,127,5,602.7123287671233,578.0,179.96,483.3333333333333,470.0,32.15,618.1,574.0,107.39,702.25,685.0,165.34,763.0701999999999,773.207,41.85,917.0,938.5,201.09
7300618,Ceciliengärten,205,191,171,1,6,8,152,0,76,0,619.5065789473684,601.5,178.45,374.0,374.0,,577.75,583.0,33.87,,,,,,,695.7142857142857,649.0,251.93
7300619,Grazer Platz,530,325,292,3,11,20,259,6,143,5,633.5559845559845,590.0,214.95,413.6666666666667,407.0,33.5,496.0,550.5,151.03,645.5714285714286,612.0,81.55,749.8686666666667,718.027,151.49,870.5,797.0,368.98
7400720,Gontermannstraße,634,451,387,3,24,15,358,5,189,4,637.1648044692737,590.5,205.62,456.6666666666667,415.0,80.98,605.5384615384615,554.0,144.1,852.2,651.0,468.36,814.0953999999999,819.433,77.7,912.6363636363636,825.0,308.54
7400721,Paradestraße,271,252,219,2,8,11,207,1,93,1,664.0338164251208,631.0,225.38,494.5,494.5,109.6,595.75,597.0,40.2,726.0,726.0,103.24,798.91,798.91,,1180.5,1362.0,505.0
7400822,Lindenhofsiedlung,152,127,116,2,17,8,107,4,57,3,627.2523364485982,588.0,171.08,695.5,695.5,205.77,569.5714285714286,551.5,104.71,645.3333333333334,614.0,56.89,747.9910000000001,727.137,114.74,961.875,756.5,498.82
7400823,Wittekindstraße,302,292,272,3,5,5,243,0,136,0,605.3251028806584,572.0,204.41,537.6666666666666,532.0,20.11,564.25,562.5,140.77,,,,,,,537.5,539.5,52.21
7400824,Bosepark,286,271,249,3,6,9,226,1,139,1,577.7168141592921,551.5,208.41,244.0,193.0,91.82,536.2,439.0,198.93,652.0,652.0,219.2,611.54,611.54,,668.1428571428571,517.0,452.3
7400825,Friedrich-Karl-Straße,210,194,187,0,8,8,167,3,100,3,605.4311377245509,563.0,187.4,,,,483.1666666666667,471.0,60.85,621.25,641.5,161.21,629.47,643.6,50.19,1043.0,1070.0,533.29
7400826,Marienhöhe,219,202,178,5,7,10,157,3,95,3,598.7133757961783,578.0,178.74,550.6666666666666,595.0,103.86,636.5,631.0,70.01,645.6666666666666,617.0,89.51,701.6550000000001,746.444,103.83,865.4,681.5,409.81
7400927,Rathaus Tempelhof,643,587,532,5,24,19,484,6,258,5,610.345041322314,585.5,223.03,436.8,421.0,131.79,569.1176470588235,499.0,157.25,636.75,649.0,64.45,733.3398333333333,727.3695,106.72,956.1666666666666,942.0,417.82
7400928,Germaniagarten,146,134,124,1,8,4,116,0,66,0,617.7068965517242,575.5,194.37,,,,671.0,671.0,,760.0,760.0,,,,,975.75,843.0,436.91
7501029,Ringstraße,305,292,272,6,9,4,252,4,146,3,612.2896825396825,565.0,222.98,492.3333333333333,489.5,66.24,590.5,560.0,89.84,741.25,736.5,53.51,814.1324999999999,777.84,180.43,1020.25,925.5,556.46
7501030,Machonstraße,383,370,331,3,7,6,305,1,182,1,603.7311475409836,562.0,205.14,516.0,516.0,21.21,559.0,559.0,106.07,642.0,642.0,39.6,809.154,809.154,,868.0,623.0,509.35
7501031,Eisenacher Straße,303,295,257,4,3,5,236,0,118,0,647.7415254237288,606.0,216.09,516.6666666666666,516.0,56.0,571.0,571.0,18.38,807.0,807.0,52.33,,,,997.6666666666666,978.0,78.37
7501032,Imbrosweg,171,159,142,2,4,8,129,1,43,1,697.5581395348837,665.0,181.93,489.0,489.0,45.25,725.3333333333334,736.0,88.48,770.0,770.0,,856.32,856.32,,787.1666666666666,727.5,261.48
7501133,Fritz-Werner-Straße,444,418,377,2,14,12,350,2,215,2,606.2142857142857,553.5,203.05,575.0,575.0,,536.5,524.0,74.64,789.0,825.0,142.45,773.162,773.162,175.3,886.9,652.5,425.24
7501134,Hundsteinweg,407,396,355,7,2,9,325,1,170,1,645.7815384615385,600.0,211.45,463.3333333333333,461.5,53.22,540.0,540.0,152.74,695.0,695.0,,700.073,700.073,,870.4285714285714,753.0,437.48
7501135,Birnhornweg,86,84,79,0,1,1,75,0,29,0,656.1466666666666,629.0,175.25,,,,516.0,516.0,,,,,,,,588.0,588.0,
7601236,Marienfelder Allee Nordwest,385,372,333,6,4,8,301,1,148,1,650.6744186046511,609.0,206.94,521.25,510.0,33.16,692.3333333333334,695.0,27.1,769.0,769.0,,768.68,768.68,,752.25,674.0,251.83
7601237,Kirchstraße,107,102,93,1,2,3,84,1,44,1,638.8690476190476,592.0,186.69,395.0,395.0,,979.5,979.5,269.41,686.0,686.0,,789.227,789.227,,558.0,558.0,
7601238,Marienfelde Nordost,171,152,134,1,9,10,119,4,54,2,669.1680672268908,629.0,239.01,469.0,469.0,,825.1666666666666,776.5,180.87,899.5,798.0,224.16,930.17,885.5065,146.89,1347.5,1309.0,442.98
7601339,Tirschenreuther Ring West,228,216,189,1,10,2,171,0,70,0,669.4093567251462,643.0,191.2,513.0,513.0,,739.5,739.5,86.97,860.5,860.5,166.17,,,,702.0,702.0,
7601340,Tirschenreuther Ring Ost,233,223,203,2,6,4,185,0,75,0,690.6162162162162,642.0,236.84,197.0,197.0,,893.0,776.0,385.07,,,,,,,829.3333333333334,895.0,213.22
7601341,Diedersdorfer Weg,121,104,92,1,11,6,76,3,24,0,720.9736842105264,674.0,240.55,,,,880.3333333333334,982.0,226.98,886.6,925.0,94.83,1010.558,989.644,108.8,987.75,991.5,291.85
7601442,Kettinger Straße,349,333,297,4,4,12,259,2,92,2,697.7181467181467,654.0,212.08,571.25,549.0,104.02,811.5,811.5,101.12,751.0,751.0,35.36,822.3665,822.3665,85.47,1132.25,833.0,508.26
7601443,Töpchiner Weg,345,335,303,1,3,7,261,0,97,0,705.4559386973181,651.0,236.09,482.0,482.0,,766.0,766.0,,,,,,,,1085.0,910.5,480.68
7601544,John-Locke-Straße,390,371,348,3,8,11,301,2,118,1,723.594684385382,684.0,238.31,636.0,502.0,272.9,947.6666666666666,795.0,372.27,874.3333333333334,926.0,107.28,882.138,882.138,39.08,1039.0,968.5,239.64
7601545,Nahariyastraße,361,339,303,4,12,9,260,0,98,0,712.9,682.5,257.3,598.3333333333334,434.0,287.24,843.6666666666666,773.0,405.05,1057.5,1057.5,475.88,,,,1309.8,1176.0,358.88
7601546,Franziusweg,175,169,156,4,3,3,134,0,42,0,777.9850746268656,725.5,264.19,453.5,453.5,58.69,,,,,,,,,,1512.0,1512.0,395.98
7601547,Horstwalder Straße,169,161,148,1,7,1,128,3,49,1,745.2109375,719.5,250.3,725.0,725.0,,695.1666666666666,692.0,220.81,1040.0,1040.0,,991.5596666666667,966.646,125.78,,,
7601548,Wittelsbacherstraße,69,66,58,1,0,3,48,0,20,0,711.625,716.0,222.26,,,,,,,,,,,,,602.0,602.0,
8100101,Hasenheide,232,196,178,1,25,11,160,1,87,1,643.075,597.0,222.28,,,,590.7857142857143,568.5,118.48,511.3333333333333,522.0,102.42,743.61,743.61,,909.6666666666666,739.0,437.32
8100102,Schillerpromenade Nord,263,232,214,4,20,11,199,5,108,5,630.0251256281407,593.0,207.89,425.3333333333333,430.0,106.08,695.3076923076923,603.0,354.3,643.0,652.0,95.3,677.4867999999999,651.743,74.43,911.2857142857143,952.0,372.67
8100103,Schillerpromenade Süd,212,191,176,2,16,5,158,1,90,1,605.0886075949367,571.0,218.65,481.5,481.5,45.96,520.1,486.5,103.76,732.3333333333334,553.0,383.82,706.34,706.34,,869.6666666666666,1052.0,392.65
8100104,Wartheplatz,251,235,212,2,9,7,194,1,108,1,631.9742268041238,576.5,237.87,427.0,427.0,,518.5,487.5,89.33,651.0,637.0,86.85,853.833,853.833,,1051.6,1137.0,514.63
8100105,Silbersteinstraße,334,310,290,1,10,13,270,4,187,4,565.4296296296296,526.0,195.0,488.0,488.0,,580.7777777777778,531.0,194.3,554.8,540.0,42.61,721.8112500000001,692.7035,88.7,696.6,602.5,251.9
8100206,Flughafenstraße,474,435,393,3,25,14,348,2,188,1,635.3132183908046,588.0,208.96,519.0,519.0,,542.65,549.0,71.11,583.875,619.5,136.93,869.01,869.01,71.52,1006.9090909090909,880.0,424.54
8100207,Rollberg,337,301,271,2,24,12,250,5,123,3,648.932,611.5,206.56,451.0,451.0,,558.0,532.0,72.47,703.6666666666666,699.0,165.46,786.1612,848.174,181.04,767.2222222222222,693.0,416.04
8100208,Körnerpark,438,413,374,3,18,6,337,5,210,5,559.0771513353116,487.0,231.57,385.5,385.5,7.78,450.7857142857143,441.5,94.15,561.5,493.5,145.72,668.9284,665.747,95.98,459.3333333333333,447.0,51.62
8100209,Glasower Straße,419,378,351,2,26,15,315,8,198,7,570.6,513.0,207.87,379.0,379.0,45.25,510.5882352941176,466.0,185.49,556.6923076923077,543.0,123.11,716.0304999999998,701.61,156.14,966.5384615384615,805.0,469.94
8100310,Maybachufer,216,206,182,1,3,7,168,1,108,1,574.3928571428571,545.0,177.86,683.0,683.0,,587.5,587.5,40.31,745.0,745.0,,744.76,744.76,,937.75,988.0,384.34
8100311,Reuterplatz,261,249,229,6,4,8,203,2,123,2,598.9014778325123,560.0,207.31,409.0,411.0,111.01,601.25,554.0,131.04,684.0,684.0,,738.9645,738.9645,77.19,855.7142857142857,766.0,402.34
8100312,Weichselplatz,344,301,266,6,29,14,238,6,118,6,634.4873949579832,606.0,182.79,452.75,469.0,96.87,676.5454545454545,650.0,209.75,591.1428571428571,597.0,63.72,661.614,648.1485,107.19,827.25,787.5,259.58
8100313,Bouchéstraße,149,140,124,2,3,6,113,1,54,1,625.9646017699115,604.0,156.1,557.0,557.0,,705.0,705.0,69.3,745.0,745.0,,753.837,753.837,,1161.0,1202.0,409.4
8100314,Donaustraße,439,410,360,2,15,12,327,3,213,3,596.5932721712538,558.0,178.34,427.0,427.0,162.63,542.7777777777778,567.0,129.18,625.6666666666666,582.0,83.55,648.2776666666667,613.4870000000001,88.57,757.4285714285714,663.0,221.92
8100415,Ganghoferstraße,221,191,172,1,12,18,159,1,88,0,630.4591194968554,582.0,208.45,403.0,403.0,,540.75,570.5,168.57,608.0,608.0,,1055.4560000000001,1055.4560000000001,,886.3076923076923,723.0,348.47
8100416,Alt-Rixdorf,215,191,166,2,18,6,151,6,83,5,630.6490066225166,587.0,224.28,563.0,563.0,,590.2222222222222,545.0,114.09,736.8571428571429,619.0,213.06,773.3068333333334,758.0585,87.76,1027.6666666666667,1151.0,293.75
8100417,Braunschweiger Straße,394,368,337,4,15,11,308,3,185,3,598.7987012987013,548.0,217.6,436.6666666666667,374.0,132.61,525.2222222222222,574.0,165.11,698.0,699.0,195.5,775.3376666666667,809.003,125.32,818.0,693.0,370.25
8100418,Hertzbergplatz,334,304,266,1,15,15,240,5,105,5,656.9333333333333,625.0,177.27,,,,555.0909090909091,575.0,184.81,659.5714285714286,601.0,131.86,703.197,661.587,116.66,919.8,929.0,221.08
8100419,Treptower Straße Nord,299,279,244,2,12,8,219,5,88,5,685.3470319634703,653.0,199.99,656.5,656.5,36.06,682.9090909090909,625.0,129.25,806.5,755.5,208.85,770.505,758.39,67.74,809.0,836.0,113.29
8100520,Weiße Siedlung,255,231,202,2,11,13,190,3,51,2,718.0157894736842,699.5,203.46,646.0,646.0,,672.4444444444445,647.0,90.44,754.6666666666666,739.5,78.67,772.6143333333333,695.013,186.76,986.1818181818181,986.0,232.3
8100521,Schulenburgpark,456,407,374,3,25,24,335,6,114,5,691.4029850746268,655.0,194.03,657.0,657.0,,600.3333333333334,608.0,132.68,669.8,686.5,97.34,826.6636666666667,812.771,123.43,941.2380952380952,849.0,296.09
8200622,Jahnstraße,237,222,196,1,6,9,180,3,97,2,625.8277777777778,593.5,239.75,546.0,546.0,,762.8,619.0,448.65,699.6,607.0,245.07,946.9456666666665,692.454,529.13,1081.75,1057.5,389.29
8200623,Park am Buschkrug,294,274,255,0,10,9,229,0,118,0,632.6986899563319,601.0,221.1,,,,,,,,,,,,,1224.0,1259.0,424.25
8200624,Tempelhofer Weg,390,360,324,6,14,16,295,5,150,5,628.2779661016949,600.0,176.23,481.8,481.0,97.89,585.0,597.0,86.98,709.8333333333334,669.0,119.24,718.3774000000001,668.91,91.25,1061.6666666666667,1050.0,410.54
8200725,Mohriner Allee Nord,158,151,135,2,6,1,117,1,41,1,704.9230769230769,663.0,208.59,515.5,515.5,159.1,784.0,635.0,280.89,751.25,764.5,104.08,644.487,644.487,,690.0,690.0,
8200726,Hufeisensiedlung,241,223,194,0,12,6,181,4,93,3,648.3259668508288,610.0,210.62,,,,570.25,520.0,165.83,700.5,676.5,102.26,799.21325,803.335,118.79,850.8,746.0,458.38
8200727,Parchimer Allee Süd,369,358,323,6,8,3,291,2,142,2,647.0343642611684,610.0,198.29,493.0,523.5,81.56,506.25,539.0,162.06,736.0,736.0,114.55,803.482,803.482,19.71,1808.5,1808.5,2.12
8200728,Ortolanweg,80,76,72,2,3,1,68,0,34,0,660.5441176470588,616.0,241.15,556.0,556.0,199.4,603.0,603.0,4.24,773.0,764.0,95.82,,,,703.0,703.0,
8200729,Britzer Garten,71,68,60,0,3,0,53,2,11,2,775.2264150943396,751.0,220.37,,,,838.0,815.0,219.41,826.0,826.0,,813.5260000000001,813.5260000000001,64.79,,,
8200730,Handwerker-Siedlung,136,132,115,2,3,1,99,0,35,0,686.5757575757576,664.0,184.85,603.0,603.0,,560.5,560.5,43.13,,,,,,,1453.0,1453.0,
8200831,Buckow West,229,221,207,3,6,2,185,0,38,0,713.3945945945947,683.0,171.15,549.0,549.0,,669.0,669.0,,,,,,,,1261.0,1261.0,794.79
8200832,Buckow Mitte,451,423,392,3,7,21,352,1,85,1,726.2329545454545,697.0,183.22,610.6666666666666,494.0,248.47,851.6666666666666,655.0,407.32,852.0,852.0,,836.763,836.763,,1020.5714285714286,844.0,399.24
8200833,Buckow Ost,257,238,215,1,11,8,191,0,56,0,728.3874345549738,685.0,196.38,590.0,590.0,,789.0,789.0,190.92,733.6666666666666,717.0,220.47,,,,963.6,973.0,398.56
8300934,Gropiusstadt Nord-West,685,650,596,6,22,13,531,2,299,1,642.1337099811676,577.0,235.69,411.6,422.0,109.0,843.1666666666666,681.5,393.86,1034.4,791.0,472.59,860.4955,860.4955,106.67,872.9,769.5,416.85
8300935,Gropiusstadt Süd-West,325,305,280,6,10,10,252,1,108,1,701.1547619047619,640.0,240.82,427.2,429.0,69.84,890.6666666666666,743.0,377.8,901.0,901.0,,820.347,820.347,,914.0,767.0,458.83
8301036,Gropiusstadt Mitte,424,396,360,4,18,10,339,1,167,1,657.5103244837758,608.0,208.15,421.5,441.5,83.08,500.0,500.0,240.7,,,,766.897,766.897,,902.1111111111111,1018.0,349.61
8301037,Gropiusstadt Süd-Ost,497,461,410,4,21,15,370,1,177,1,658.1918918918919,614.0,197.34,501.3333333333333,526.0,94.45,620.2222222222222,614.0,149.18,761.0,736.0,161.44,736.003,736.003,,1034.5,1058.0,347.58
8401138,Goldhähnchenweg,124,120,103,3,2,2,90,0,40,0,696.8555555555556,634.0,246.97,508.5,508.5,135.06,881.0,881.0,,,,,,,,663.5,663.5,323.15
8401139,Vogelviertel Süd,508,232,200,2,11,6,178,5,104,5,603.6123595505618,540.0,244.61,438.0,438.0,,555.0,483.0,122.11,673.6,677.0,116.39,694.1074000000001,715.367,65.8,741.8,727.0,493.99
8401140,Vogelviertel Nord,83,79,75,0,2,2,69,1,43,0,595.304347826087,550.0,188.35,,,,770.5,770.5,258.09,1045.0,1045.0,,973.343,973.343,,744.5,744.5,292.04
8401241,Blumenviertel,280,266,241,4,4,10,217,1,133,1,605.6589861751152,571.0,198.77,497.25,508.0,26.69,604.0,604.0,291.33,737.0,737.0,,738.056,738.056,,717.4,596.5,280.4
8401242,Zittauer Straße,211,200,180,5,5,6,160,0,59,0,671.96875,640.0,183.8,540.0,524.0,58.66,582.5,582.5,275.06,,,,,,,715.3333333333334,665.5,254.38
8401243,Alt-Rudow,385,368,331,1,8,9,299,1,143,0,650.9765886287626,610.0,209.21,,,,987.6666666666666,747.0,483.26,733.0,733.0,,903.514,903.514,,718.5,731.0,135.12
8401244,Waßmannsdorfer Chaussee,273,259,236,2,7,7,205,1,81,1,687.2585365853658,664.0,224.89,555.5,555.5,16.26,630.0,596.0,77.1,636.0,636.0,,654.35,654.35,,643.5,624.5,135.28
8401245,Frauenviertel,161,159,147,1,0,2,136,0,51,0,690.9411764705883,667.5,211.23,426.0,426.0,,,,,,,,,,,974.0,974.0,487.9
8401246,Waltersdorfer Chaussee Ost,252,233,212,3,8,11,167,0,41,0,757.8922155688623,706.0,227.49,469.0,469.0,,583.5714285714286,628.0,307.4,,,,,,,1183.8333333333333,1129.0,363.84
9100101,Alt-Treptow,455,412,353,4,26,17,329,4,140,4,657.306990881459,641.0,191.77,455.3333333333333,431.0,113.47,720.7692307692307,654.0,222.5,733.5,735.0,96.36,800.6460000000001,837.6385,83.85,954.4615384615385,894.0,389.96
9100202,Plänterwald West,118,112,101,5,2,3,89,0,25,0,703.7303370786517,699.0,175.1,516.3333333333334,519.0,56.05,734.0,734.0,60.81,845.0,845.0,,,,,843.0,703.0,268.89
9100203,Plänterwald Ost,293,278,234,4,6,9,209,2,41,2,740.7607655502393,724.0,173.98,569.0,569.0,91.92,609.0,625.0,41.39,625.5,625.5,38.89,772.6965,772.6965,71.83,907.8571428571429,833.0,163.48
9100304,Baumschulenweg West,525,509,457,10,8,8,420,0,177,0,675.8333333333334,639.5,193.37,533.2222222222222,523.0,66.69,645.6666666666666,668.0,86.69,648.75,657.0,123.43,,,,852.75,822.5,272.59
9100305,Baumschulenweg Ost,174,164,152,1,5,5,135,0,34,0,715.074074074074,681.0,198.96,623.0,623.0,,700.0,717.0,104.51,657.0,657.0,,,,,877.3333333333334,809.0,199.48
9100306,Späthsfelde,96,89,82,1,5,2,68,2,30,2,669.8088235294117,627.5,188.27,615.0,615.0,,756.0,756.0,280.01,695.0,695.0,212.13,593.4119999999999,593.4119999999999,50.46,566.0,566.0,
9100407,Johannisthal West,367,355,317,7,8,4,299,0,143,0,654.9966555183946,614.0,217.59,519.6666666666666,524.0,81.78,776.3333333333334,675.0,265.9,556.0,556.0,,,,,554.3333333333334,533.0,55.18
9100408,Johannisthal Ost,314,294,272,5,8,11,244,0,141,0,628.5532786885246,572.5,246.1,505.6,502.0,30.44,396.5,412.5,77.08,,,,,,,839.8181818181819,643.0,443.43
9100409,Landschaftspark Adlershof,136,123,109,0,7,6,96,2,43,2,674.3854166666666,630.5,220.97,,,,829.6666666666666,741.5,314.35,638.0,607.0,181.5,675.3935,675.3935,16.73,733.4,648.0,255.75
9200510,Helmholtz-Kiez,327,312,273,2,7,8,248,1,73,0,702.2177419354839,676.0,185.5,403.0,403.0,,644.6666666666666,648.5,174.1,710.0,710.0,,1259.074,1259.074,,695.0,707.0,389.26
9200511,Griechischer Park,418,400,349,5,14,4,320,1,82,1,711.853125,679.0,186.61,580.25,578.0,52.43,649.7777777777778,656.0,71.6,583.0,583.0,,693.713,693.713,,825.5,825.5,16.26
9200512,Wuhlheide,135,119,106,0,10,6,93,2,14,2,750.752688172043,758.0,179.3,,,,711.2857142857143,715.0,80.67,812.5,828.5,77.76,818.462,818.462,78.05,963.0,938.5,328.38
9200613,Bahnhof Schöneweide,542,506,463,3,25,11,425,4,192,3,663.7411764705882,626.0,215.99,482.0,482.0,90.51,618.2142857142857,534.5,284.65,624.1428571428571,591.0,182.44,783.4325,723.3,183.23,676.8571428571429,565.0,270.6
9200614,Oberspree,177,174,153,7,1,2,140,0,34,0,766.15,717.0,215.22,662.6666666666666,657.0,126.28,992.0,992.0,,,,,,,,1001.5,1001.5,354.26
9200715,Wista,264,238,213,2,19,7,192,5,81,4,670.3072916666666,634.0,199.74,479.0,479.0,,646.0833333333334,616.0,122.21,756.4444444444445,613.0,310.25,801.2082,756.776,201.34,611.8333333333334,611.5,145.73
9200716,Dörpfeldstraße West,285,275,248,1,7,3,227,1,85,1,668.8370044052864,650.0,182.42,,,,706.3333333333334,649.0,176.14,676.0,676.0,,779.643,779.643,,1018.0,904.0,503.77
9200717,Dörpfeldstraße Ost,309,296,264,4,4,9,231,0,67,0,692.8095238095239,688.0,190.06,451.0,451.0,66.47,668.25,607.0,232.69,,,,,,,1157.125,1090.0,385.23
9200818,Spindlersfeld,116,109,103,0,6,1,95,3,38,2,669.7473684210527,650.0,184.02,,,,652.0,548.0,239.45,1044.5,1044.5,432.04,836.9776666666667,787.707,153.55,,,
9200819,Köllnische Vorstadt,329,301,266,6,15,13,227,2,101,1,684.8325991189428,632.0,235.53,569.75,550.0,77.35,681.4444444444445,620.0,241.89,711.1428571428571,768.0,161.48,831.76,831.76,118.69,974.2727272727273,764.0,363.03
9300920,Dorf Altglienicke,329,306,278,3,11,12,240,2,75,2,733.5166666666667,702.5,218.82,593.0,593.0,,597.25,612.5,156.77,767.4,819.0,187.77,820.2080000000001,820.2080000000001,12.53,969.8333333333334,863.5,297.07
9300921,Preußen Siedlung,70,69,61,2,1,0,56,0,18,0,751.8928571428571,714.5,262.95,682.5,682.5,26.16,716.0,716.0,,,,,,,,,,
9300922,Kosmos Viertel,227,210,185,2,9,8,162,3,32,2,789.9814814814815,751.5,200.83,601.5,601.5,202.94,827.3333333333334,768.0,183.35,864.4,841.0,84.79,844.3516666666666,829.254,67.36,1181.0,962.0,398.33
9300923,Kölner Viertel,249,234,205,3,10,5,179,1,13,1,829.195530726257,787.0,191.95,619.5,619.5,120.92,740.125,754.5,109.46,796.0,796.0,,861.19,861.19,,916.5,916.5,154.86
9301024,Falkenberg,219,117,105,1,10,4,84,4,43,3,673.952380952381,599.5,256.16,462.0,462.0,,753.5,758.0,122.4,869.0,857.0,72.81,993.57925,875.2570000000001,250.5,1634.5,1634.5,55.86
9301025,Alt-Bohnsdorf,412,386,344,5,13,13,291,3,116,0,718.53264604811,659.0,240.96,608.8,646.0,137.12,677.8571428571429,665.0,65.46,1078.75,1047.0,165.1,929.9196666666667,929.177,8.85,1084.7777777777778,931.0,405.54
9301126,Grünau,314,299,273,2,7,8,235,3,70,2,730.7489361702128,700.0,211.0,,,,704.2,698.0,281.17,892.3333333333334,883.0,51.64,894.6146666666667,886.597,52.99,1039.8,930.0,377.73
9301227,Karolinenhof,57,53,41,0,3,1,36,1,2,0,897.9722222222222,845.5,246.38,,,,,,,,,,990.47,990.47,,,,
9301228,Schmöckwitz/Rauchfangswerder,75,67,60,0,3,5,44,0,2,0,1019.1818181818181,1033.0,269.84,,,,692.0,670.0,63.91,,,,,,,1063.0,1063.0,429.92
9401329,Kietzer Feld/Nachtheide,383,367,319,6,10,6,285,4,84,2,740.2701754385965,695.0,246.01,611.8,615.0,101.37,751.6666666666666,671.0,234.64,795.6666666666666,747.5,272.39,1130.2135,1020.3085000000001,373.8,966.0,669.0,550.31
9401330,Wendenschloß,60,56,47,0,3,1,35,0,5,0,829.0,845.0,194.75,,,,896.5,896.5,9.19,,,,,,,832.0,832.0,
9401431,Allende I,276,268,242,3,4,4,215,0,109,0,630.4325581395349,608.0,187.19,291.0,291.0,80.61,800.0,673.5,415.7,683.0,683.0,,,,,883.0,570.0,548.21
9401432,Siedlung Kämmereiheide,61,57,51,0,3,1,44,0,19,0,639.7727272727273,623.0,160.0,,,,737.0,737.0,,,,,,,,1601.0,1601.0,
9401433,Allende II,327,217,192,5,5,5,163,1,64,1,655.6319018404907,652.0,209.33,523.0,471.0,96.19,732.0,732.0,123.04,692.75,677.0,79.52,813.584,813.584,,1018.0,964.0,399.96
9401534,Altstadt Köpenick,330,316,271,6,7,7,237,3,139,1,618.7552742616034,564.0,229.91,435.6666666666667,424.0,39.8,591.0,599.0,70.11,957.0,957.0,90.51,1010.6023333333333,1016.184,196.83,640.8571428571429,623.0,246.01
9401635,Müggelheim,184,178,164,3,2,4,138,0,23,0,917.2246376811594,915.5,285.1,686.0,686.0,,558.0,558.0,,,,,,,,651.0,651.0,
9501736,Hirschgarten,203,194,171,0,3,5,139,0,50,0,717.705035971223,670.0,215.51,,,,590.0,523.0,119.53,,,,,,,972.75,677.0,622.83
9501737,Alt-Friedrichshagen,549,531,471,6,7,11,389,1,159,0,677.9511568123394,664.0,219.32,588.4,623.0,167.09,508.0,621.0,228.51,1171.5,1171.5,55.86,1132.22,1132.22,,833.0,818.0,221.38
9501838,Rahnsdorf,314,298,269,6,6,9,214,2,116,0,635.8504672897196,580.5,229.63,529.2,501.0,90.41,702.3333333333334,692.0,53.26,1449.5,1449.5,293.45,1410.6235,1410.6235,230.77,796.2,817.0,192.66
9501939,Bahnhofstraße,341,324,290,4,8,9,262,1,162,0,614.1030534351145,561.0,206.98,387.0,387.0,1.41,682.2857142857143,715.0,144.45,933.0,933.0,527.5,1223.983,1223.983,,629.1428571428571,660.0,85.09
9501940,Güterbahnhof Köpenick,101,97,84,0,2,2,75,0,38,0,652.0133333333333,604.0,205.22,,,,,,,,,,,,,1678.5,1678.5,27.58
9501941,Friedrichshagener Straße,119,113,103,1,4,2,92,1,52,0,614.5326086956521,579.5,216.21,,,,783.75,783.5,184.15,660.0,660.0,,1026.37,1026.37,,1280.0,1280.0,869.74
9502042,Mittelheide,121,116,109,0,2,3,100,1,30,0,709.07,669.0,197.49,,,,566.5,566.5,45.96,535.0,535.0,,1042.683,1042.683,,1019.0,1019.0,441.23
9502043,Dammheide,326,310,274,5,6,10,241,0,70,0,749.7178423236514,703.0,217.97,578.0,475.0,241.57,756.5,756.5,260.92,,,,,,,1333.857142857143,1437.0,378.29
10100101,Marzahn West,246,239,215,4,5,1,194,0,76,0,709.2010309278351,674.0,272.74,546.0,546.0,223.45,866.3333333333334,837.0,229.41,,,,,,,,,
10100102,Rosenbecker Straße,183,173,166,0,5,5,151,1,31,1,735.158940397351,712.0,173.21,,,,925.5,826.0,270.9,751.0,751.0,,757.92,757.92,,787.5,787.5,156.27
10100103,Wittenberger Straße,342,333,302,0,4,5,284,1,51,0,761.7077464788732,727.0,201.33,,,,1117.3333333333333,1102.0,389.23,771.0,771.0,,1155.577,1155.577,,933.0,1010.5,290.57
10100104,Golliner Straße,258,241,219,3,8,9,202,0,42,0,773.9009900990098,746.0,227.27,480.0,480.0,,1053.3333333333333,849.0,524.27,1725.0,1725.0,,,,,913.4,797.0,327.65
10100205,Gewerbegebiet Bitterfelder Straße,172,155,135,2,10,7,125,4,43,3,695.584,666.0,204.67,469.0,469.0,,639.6,618.0,86.89,687.6,609.0,129.94,783.6845,785.2819999999999,174.21,934.5714285714286,808.0,364.89
10100206,Wuhletalstraße,435,403,359,0,19,12,333,2,101,2,733.1771771771772,681.0,234.22,,,,901.625,833.0,315.58,747.0,678.0,130.93,679.163,679.163,19.41,1105.888888888889,1000.0,471.81
10100207,Ahrensfelder Berge,272,254,229,1,12,6,210,0,41,0,726.0714285714286,709.5,190.16,,,,840.75,725.5,269.15,722.5,722.5,41.72,,,,1008.6,908.0,366.77
10100208,Bürgerpark,445,422,383,8,14,9,348,0,144,0,673.5488505747127,639.5,182.17,552.4285714285714,557.0,52.41,674.0,658.5,100.56,637.3333333333334,655.0,46.11,,,,1010.8571428571429,739.0,541.87
10100209,Lea-Grundig-Straße,351,334,302,4,11,6,278,0,87,0,696.6726618705036,678.5,210.04,559.6666666666666,488.0,141.8,695.1666666666666,709.0,79.74,687.0,687.0,87.68,,,,843.8,796.0,207.09
10100210,Marzahner Promenade,524,503,460,6,11,10,424,3,230,3,641.9150943396227,588.5,204.93,616.5,553.0,221.17,675.1428571428571,587.0,307.84,588.0,588.0,,708.2383333333333,722.006,149.75,878.4285714285714,616.0,471.52
10100311,Marzahner Chaussee,273,245,227,4,15,12,201,3,90,2,650.0796019900497,633.0,203.25,534.3333333333334,565.0,68.37,686.6666666666666,683.0,135.35,709.3333333333334,720.0,109.39,748.1846666666667,641.48,204.08,642.3333333333334,623.0,114.14
10100312,Springpfuhl,684,623,548,7,41,20,501,8,300,8,619.0838323353294,568.0,226.3,472.0,498.0,88.77,619.8666666666667,583.5,218.34,584.7,562.5,81.2,663.8475000000001,642.027,70.06,648.8461538461538,573.0,332.9
10100313,Alt-Marzahn,203,196,178,2,6,1,165,0,107,0,592.5212121212121,536.0,190.62,421.0,421.0,,688.1666666666666,503.5,404.12,,,,,,,1074.0,1074.0,
10100314,Auersbergstraße,223,215,185,5,6,2,178,0,87,0,655.6179775280899,615.5,216.18,449.5,482.5,112.52,564.4,588.0,245.82,,,,,,,750.0,750.0,
10100315,Bärenstein,244,231,209,5,4,9,196,0,91,0,644.5204081632653,621.5,204.84,532.8,527.0,76.7,694.0,694.0,,,,,,,,910.2857142857143,759.0,372.76
10100316,Landsberger Tor,184,175,153,3,5,4,144,0,51,0,674.7152777777778,654.5,169.58,432.0,432.0,239.0,735.8,687.0,194.04,585.5,585.5,61.52,,,,857.0,857.0,59.4
10200417,Zossener Straße,290,263,232,1,19,8,211,0,46,0,748.5450236966825,716.0,193.3,512.0,512.0,,746.8333333333334,770.0,106.44,919.0,919.0,308.3,,,,945.0,796.0,565.29
10200418,Kyritzer Straße,260,244,211,1,9,7,191,0,46,0,767.6335078534031,727.0,240.21,629.0,629.0,,697.0,664.0,135.55,749.0,724.0,58.64,,,,627.25,491.5,548.96
10200419,Havelländer Ring,124,115,104,1,6,3,96,0,28,0,735.5833333333334,693.0,186.82,527.0,527.0,,,,,,,,,,,746.5,746.5,169.0
10200420,Gut Hellersdorf,336,313,284,1,16,7,265,1,124,0,699.3245283018867,632.0,236.89,,,,527.1666666666666,552.5,64.29,968.0,968.0,,967.836,967.836,,702.5,663.0,158.42
10200421,Helle Mitte,170,158,145,1,7,5,133,1,56,1,692.827067669173,623.0,224.85,426.0,426.0,,592.0,592.0,,673.5,673.5,215.67,829.194,829.194,,491.0,603.0,273.76
10200422,Hellersdorfer Promenade,294,282,262,2,10,2,241,0,46,0,761.7593360995851,709.0,221.37,587.0,587.0,59.4,628.5,641.0,63.04,965.0,922.5,173.15,,,,1024.5,1024.5,44.55
10200423,Böhlener Straße,208,196,163,6,5,7,153,0,19,0,756.5359477124183,725.0,189.96,610.6666666666666,612.5,26.28,667.0,667.0,,,,,,,,799.5714285714286,732.0,156.8
10200524,Adele-Sandrock-Straße,429,398,355,4,23,8,314,1,56,0,781.9331210191083,745.5,211.83,560.0,560.0,,699.8,729.0,188.18,856.0,856.0,278.6,1052.8400000000001,1052.8400000000001,,1000.1666666666666,1052.0,142.86
10200525,Schleipfuhl,210,198,185,1,5,7,166,1,42,0,744.0240963855422,683.5,208.16,598.0,598.0,,656.0,656.0,,1073.0,1073.0,,1073.234,1073.234,,753.6,792.0,210.87
10200526,Boulevard Kastanienallee,205,172,154,2,25,8,137,5,46,0,715.7153284671533,661.0,216.54,498.0,498.0,19.8,522.6666666666666,535.0,63.57,810.0,797.0,195.3,989.3014,989.997,65.41,726.2,683.0,139.47
10200627,Am Kienberg,109,97,90,1,7,4,81,0,46,0,610.9753086419753,542.0,218.75,,,,659.2,522.0,279.21,,,,,,,715.5,715.5,119.5
10200628,Neue Grottkauer Straße,223,208,185,3,8,7,166,0,91,0,673.777108433735,580.5,242.1,451.6666666666667,406.0,134.45,916.75,655.0,558.29,,,,,,,706.6,727.0,80.74
10200629,Teterower Ring,464,450,404,5,8,6,356,1,195,1,650.0449438202247,572.0,259.1,532.0,532.0,149.67,528.0,551.0,145.87,887.5,887.5,195.87,665.224,665.224,,688.6666666666666,737.0,182.37
10200630,Cecilienplatz,287,272,230,5,9,6,210,1,139,0,608.6047619047619,530.0,242.6,459.0,451.5,104.6,692.0,730.0,198.77,1203.5,1203.5,286.38,1001.25,1001.25,,504.0,514.0,52.77
10300731,Oberfeldstraße,245,231,209,3,5,9,194,3,110,3,617.4123711340206,585.0,198.09,580.0,580.0,,563.3333333333334,532.0,78.82,681.0,681.0,,621.4156666666667,604.053,53.35,710.5,723.0,251.91
10300732,Buckower Ring,393,245,224,5,20,6,209,7,103,6,660.2727272727273,605.0,251.17,455.4,456.0,60.6,642.5,622.0,145.12,759.9,745.0,123.92,734.9399999999999,708.067,103.22,862.3333333333334,804.0,364.02
10300733,Alt-Biesdorf,241,224,199,3,6,11,179,1,55,0,692.8994413407821,677.0,200.37,522.5,522.5,79.9,716.4,758.0,141.28,680.0,680.0,322.44,908.313,908.313,,809.1666666666666,711.5,554.76
10300734,Biesdorf Süd,290,283,261,5,3,4,232,1,45,1,748.8663793103449,735.5,206.46,688.0,688.0,118.66,579.3333333333334,556.0,71.9,731.0,731.0,,766.294,766.294,,1358.6666666666667,1216.0,486.94
10400835,Kaulsdorf Nord,197,188,170,1,5,4,155,0,70,0,680.7806451612903,636.0,244.48,466.0,466.0,,798.25,541.5,615.31,976.5,976.5,533.87,,,,773.0,773.0,104.65
10400836,Alt-Kaulsdorf,319,209,188,1,10,8,174,1,64,0,691.264367816092,665.5,202.22,497.0,497.0,,602.1666666666666,579.5,138.7,874.3333333333334,694.0,336.89,906.25,906.25,,693.5,693.5,17.68
10400837,Kaulsdorf Süd,194,183,172,1,5,6,151,2,26,2,766.4834437086092,773.0,184.25,,,,515.6,574.0,227.42,1112.0,1095.0,148.23,848.887,848.887,35.95,709.5,709.5,51.62
10400938,Mahlsdorf Nord,243,233,214,3,3,7,197,0,20,0,874.4873096446701,841.0,231.16,660.6666666666666,702.0,128.1,754.5,754.5,60.1,,,,,,,1058.75,1089.5,599.14
10400939,Alt-Mahlsdorf,164,152,138,1,6,6,122,0,26,0,737.1475409836065,698.0,213.07,627.0,627.0,,797.25,772.5,119.63,765.0,765.0,,,,,722.0,739.0,90.7
10400940,Elsensee,149,138,131,2,2,9,113,0,14,0,813.7787610619469,812.0,181.65,768.0,768.0,,616.0,616.0,,,,,,,,979.8571428571429,856.0,335.23
10400941,Pilgramer Straße,197,184,171,5,7,6,153,0,9,0,860.1503267973857,851.0,171.4,684.5,674.0,44.31,718.75,660.0,159.71,821.0,821.0,,,,,1041.6,966.0,204.83
11100101,Dörfer Malchow-Wartenberg,147,139,123,1,3,4,119,2,25,0,804.5714285714286,782.0,238.11,782.0,782.0,,536.0,536.0,,1153.0,1153.0,165.46,1308.325,1308.325,108.13,862.5,862.5,36.06
11100102,Dorf Falkenberg,93,89,75,0,3,1,72,0,27,0,747.0138888888889,731.0,266.22,,,,951.0,951.0,,,,,,,,1670.0,1670.0,
11100203,Falkenberg Ost,333,310,270,1,16,7,250,3,88,1,704.612,687.0,185.89,506.0,506.0,,718.9090909090909,727.0,160.91,1052.25,1039.0,196.83,1109.0113333333334,1142.25,222.17,900.2857142857143,705.0,483.38
11100204,Falkenberg West,313,287,261,1,14,12,243,5,68,4,721.4855967078189,690.0,192.76,,,,806.1428571428571,773.0,142.43,766.2,832.0,163.21,890.7482,862.08,164.39,1044.125,1098.0,345.37
11100205,Wartenberg Süd,238,225,198,5,9,3,183,1,62,1,718.5300546448087,700.0,203.52,556.6,538.0,151.93,740.0,738.0,212.79,1182.5,1182.5,340.12,812.754,812.754,,946.5,946.5,246.78
11100206,Wartenberg Nord,305,286,266,2,15,3,240,1,82,0,716.0458333333333,707.5,229.78,468.0,468.0,70.71,650.5714285714286,693.0,119.33,897.3333333333334,865.0,109.15,918.77,918.77,,815.0,815.0,43.84
11100307,Zingster Straße Ost,552,524,475,4,17,11,445,1,77,0,748.3865168539326,726.0,186.27,587.25,589.0,51.67,800.0909090909091,715.0,202.72,819.3333333333334,834.0,40.07,1090.487,1090.487,,947.7142857142857,975.0,218.1
11100308,Zingster Straße West,389,368,333,3,11,10,306,5,83,2,713.7320261437909,687.5,198.92,491.5,491.5,16.26,715.7777777777778,653.0,401.44,866.3333333333334,862.5,171.36,870.042,973.88,239.88,1014.5555555555555,977.0,246.86
11100309,Mühlengrund,251,245,213,1,3,3,200,1,52,1,728.845,695.0,214.48,,,,169.0,169.0,,,,,853.013,853.013,,1148.0,1052.0,242.68
11200410,Malchower Weg,330,302,264,1,16,12,245,2,102,2,684.3224489795919,651.0,206.35,,,,712.0666666666667,709.0,241.79,685.0,685.0,79.2,832.51,832.51,53.04,812.7777777777778,747.0,179.85
11200411,Hauptstraße,359,328,302,5,19,12,273,5,140,3,622.9377289377289,607.0,211.54,453.6666666666667,312.0,268.21,744.0769230769231,728.0,190.5,922.1666666666666,830.0,291.31,1053.1664,856.606,457.45,785.7142857142857,903.0,316.88
11200512,Orankesee,226,215,194,1,8,3,182,4,66,4,691.6263736263736,664.0,222.71,603.0,603.0,,671.1428571428571,647.0,117.25,634.5,637.5,18.16,732.324,727.5315,87.93,994.0,994.0,448.31
11200513,Große-Leege-Straße,306,289,259,4,14,3,239,4,114,3,647.8200836820083,623.0,171.91,532.0,581.0,116.5,703.4,639.0,158.79,805.0,791.0,51.92,862.88525,880.1485,126.63,850.0,850.0,353.55
11200514,Landsberger Allee,659,613,545,11,38,7,496,2,222,0,660.1512096774194,626.5,205.76,534.7777777777778,536.0,89.02,685.84,664.0,128.76,791.6666666666666,750.0,125.92,930.9335000000001,930.9335000000001,24.14,1099.4,1115.0,430.51
11200515,Weiße Taube,136,119,106,1,13,4,101,3,56,3,639.1485148514852,594.0,192.63,415.0,415.0,,700.2,632.0,204.78,761.4,792.0,89.36,744.8546666666666,748.543,107.62,753.5,742.5,177.28
11300616,Hohenschönhausener Straße,272,254,221,1,5,13,204,1,77,1,677.1470588235294,650.5,189.17,427.0,427.0,,809.3333333333334,689.0,281.5,997.5,997.5,441.94,780.214,780.214,,888.8,821.5,301.62
11300617,Fennpfuhlpark,264,249,222,2,10,5,201,0,64,0,705.6865671641791,661.0,214.54,631.5,631.5,27.58,777.5,734.0,143.71,869.5,869.5,146.37,,,,1410.5,1410.5,72.83
11300618,Storkower Bogen,179,168,153,4,8,3,147,2,83,2,609.6802721088435,594.0,204.45,463.25,486.0,59.95,531.0,563.0,71.58,689.0,689.0,101.82,665.327,665.327,67.73,1091.0,1185.0,558.96
11300619,Rudolf-Seiffert-Park,291,274,251,1,13,4,235,3,145,3,606.1148936170213,559.0,190.94,,,,653.4,548.0,210.57,894.0,894.0,98.58,760.982,809.143,88.36,610.3333333333334,612.0,73.51
11300620,Fennpfuhl Ost,447,427,382,5,10,10,345,3,208,3,593.640579710145,555.0,189.24,555.4,596.0,125.35,701.0,673.5,156.33,792.5,785.5,197.91,725.68,677.043,98.18,1057.3333333333333,1208.0,434.35
11300721,Herzbergstraße,469,312,276,4,57,13,262,10,137,4,627.236641221374,599.5,225.36,497.3333333333333,520.0,49.1,695.6,665.0,163.96,751.125,723.0,171.09,892.1613,909.172,108.91,827.4444444444445,714.0,352.81
11300722,Rathaus Lichtenberg,536,509,463,4,20,7,429,6,257,6,599.4428904428904,564.0,206.15,433.25,465.5,147.07,539.0909090909091,518.0,94.73,643.8,619.0,73.5,714.1311666666667,711.3305,43.57,806.3333333333334,670.0,558.37
11300723,Bornitzstraße,59,44,41,0,14,1,37,1,22,0,580.1081081081081,506.0,187.77,,,,561.625,472.0,163.09,707.5,771.5,219.16,921.35,921.35,,1663.0,1663.0,
11300724,Roedeliusplatz,157,149,136,1,4,4,129,1,77,1,606.0077519379845,562.0,192.69,638.0,638.0,,1188.0,1188.0,475.18,899.0,899.0,,851.937,851.937,,993.6666666666666,802.0,411.47
11300725,Nibelungenviertel,419,282,250,4,10,7,222,2,137,0,595.3423423423424,555.0,204.33,529.3333333333334,572.0,126.52,558.0,584.0,66.37,821.75,809.0,235.55,1004.953,1004.953,119.17,925.2,559.0,557.7
11300826,Frankfurter Allee Süd,491,456,405,6,24,11,378,6,170,6,656.3809523809524,628.5,195.88,532.25,487.5,212.95,703.2,705.0,161.1,699.6,691.0,49.7,761.9813333333333,743.588,55.15,1148.5714285714287,897.0,479.15
11400927,Victoriastadt,84,77,66,0,6,1,62,1,24,1,667.2258064516129,638.0,162.62,,,,608.3333333333334,609.0,55.0,742.5,742.5,64.35,788.286,788.286,,151.0,151.0,
11400928,Nöldnerplatz,83,76,67,1,5,2,60,0,18,0,689.4166666666666,700.5,212.08,483.0,483.0,,798.75,693.0,280.01,919.0,919.0,,,,,,,
11400929,Weitlingkiez,467,429,384,2,27,11,337,11,102,3,692.8427299703264,670.0,214.31,581.5,581.5,82.73,804.9230769230769,725.0,246.9,1039.3636363636363,939.0,352.7,942.9242727272726,938.857,163.43,971.2727272727273,949.0,443.9
11400930,Zachertstraße,131,125,115,1,3,3,102,0,36,0,681.8235294117648,654.0,198.81,,,,938.0,938.0,,,,,,,,971.0,971.0,132.94
11400931,Massower Straße,279,263,222,3,7,8,209,1,68,0,690.9282296650717,659.0,194.91,515.5,515.5,60.1,675.2,662.0,83.83,891.0,891.0,,933.81,933.81,,811.0,622.0,458.85
11401032,Rosenfelder Ring,316,303,267,4,1,12,248,0,83,0,677.9596774193549,655.5,196.9,440.25,459.0,51.69,618.0,618.0,,,,,,,,846.7142857142857,768.0,480.82
11401033,Gensinger Straße,243,222,190,0,7,14,183,3,50,3,738.9344262295082,714.0,214.39,,,,671.2857142857143,656.0,99.99,746.25,725.0,120.84,796.1996666666668,773.006,83.81,1062.1,900.0,289.77
11401034,Tierpark,194,187,169,1,4,3,157,0,46,0,717.8535031847134,700.0,207.76,386.0,386.0,,684.0,684.0,5.66,751.0,710.0,75.39,,,,675.0,675.0,16.97
11401135,Dolgenseestraße,471,454,395,4,8,9,358,0,104,0,757.2122905027933,725.0,229.62,699.5,699.5,142.13,665.0,665.0,59.4,794.5,794.5,53.03,,,,837.8333333333334,918.0,355.16
11401136,Volkradstraße,350,336,300,7,8,6,279,0,80,0,719.3763440860215,718.0,206.45,631.1666666666666,642.5,128.58,743.25,738.0,85.97,761.0,761.0,,,,,1259.2,1214.0,506.07
11401137,Erieseering,391,365,329,4,14,12,299,1,70,0,724.38127090301,709.0,195.18,673.3333333333334,601.0,127.89,861.2222222222222,822.0,126.12,1255.0,1255.0,,1135.797,1135.797,,1172.6666666666667,1024.5,410.17
11501238,Rummelsburg,160,144,124,0,7,9,109,2,31,0,730.743119266055,703.0,211.07,,,,837.0,837.0,18.38,968.6666666666666,932.0,73.24,992.7535,992.7535,85.66,776.8333333333334,685.5,286.96
11501339,Karlshorst West,264,244,219,4,11,9,195,1,74,0,735.2666666666667,709.0,246.82,485.5,485.5,26.16,891.7142857142857,849.0,167.15,903.0,903.0,,902.664,902.664,,987.0,998.5,165.37
11501340,Karlshorst Nord,391,377,336,2,7,7,311,3,73,0,767.0546623794212,758.0,222.38,529.5,529.5,235.47,896.25,883.0,101.16,914.0,928.0,34.22,940.7186666666666,938.9,19.99,1153.3333333333333,1071.5,475.05
11501341,Karlshorst Süd,254,240,215,1,7,6,190,1,60,0,721.7263157894737,709.0,226.87,413.0,413.0,,742.4,737.0,108.96,718.0,718.0,,932.134,932.134,,1078.4,1121.0,222.25
12100101,Letteplatz,470,428,394,4,29,13,360,6,155,5,659.6027777777778,621.0,205.97,495.75,484.5,56.48,734.8888888888889,655.0,369.96,896.1666666666666,825.5,258.73,865.1055,697.793,406.5,951.3636363636364,797.0,416.2
12100102,Hausotterplatz,407,384,353,9,17,5,321,2,128,2,664.3302180685358,644.0,188.37,547.3333333333334,519.0,77.17,720.6666666666666,702.0,99.85,760.8333333333334,750.0,116.53,844.7280000000001,844.7280000000001,11.0,1168.0,833.0,610.8
12100103,Breitkopfbecken,371,357,315,3,8,6,277,0,119,0,672.2274368231047,633.0,214.36,492.0,492.0,258.8,644.75,643.0,97.61,,,,,,,898.1666666666666,801.5,406.04
12100204,Schäfersee,453,425,386,7,18,10,344,4,177,4,640.0668604651163,594.0,210.6,497.6666666666667,500.0,51.54,648.2307692307693,659.0,175.32,763.8571428571429,671.0,262.02,684.491,672.2049999999999,163.34,912.5,893.5,179.59
12100205,Teichstraße,728,686,621,8,28,14,556,9,292,8,628.8111510791367,591.5,204.56,410.75,411.5,92.77,631.4,647.0,112.15,743.6,726.0,130.63,750.2262222222221,752.713,133.98,785.1,688.5,326.01
12100206,Humboldtstraße,159,155,133,2,4,0,123,0,42,0,698.3170731707318,652.0,252.84,530.0,530.0,50.91,676.0,676.0,155.56,,,,,,,,,
12200307,Reinickes Hof,117,112,101,0,3,2,92,0,44,0,656.1739130434783,620.0,197.88,,,,536.0,536.0,,,,,,,,691.0,691.0,
12200308,Mellerbogen,245,235,211,3,5,5,195,1,66,0,701.5948717948718,682.0,174.95,584.6666666666666,626.0,87.64,711.75,722.5,97.79,1118.0,1118.0,,945.957,945.957,,794.0,772.5,64.84
12200309,Scharnweberstraße,505,465,418,2,24,16,376,14,164,14,653.3058510638298,623.0,173.34,531.0,531.0,,590.45,588.0,64.76,732.3076923076923,708.0,158.87,734.0467857142858,746.288,74.29,760.0,684.5,196.38
12200310,Klixstraße,320,303,268,4,8,9,238,1,108,0,668.9663865546219,624.0,202.84,390.5,390.5,77.07,780.5,780.5,225.57,562.0,562.0,,1010.434,1010.434,,940.2222222222222,890.0,324.51
12200411,Schumacher-Quartier,18,16,15,0,0,2,15,0,4,0,753.4666666666667,666.0,327.61,,,,,,,,,,,,,1038.0,1038.0,
12200412,Waldidyll/Flughafensee,270,248,218,2,12,10,197,2,95,1,660.7766497461929,617.0,242.0,519.0,519.0,,664.4,662.0,141.73,966.5,875.5,268.6,911.2185,911.2185,31.99,919.5555555555555,977.0,291.56
12200413,Tegel Süd,323,303,273,4,12,8,258,3,120,2,663.3953488372093,630.5,212.88,505.25,493.5,90.63,653.3333333333334,638.5,122.5,759.6666666666666,762.0,58.53,843.6466666666666,846.166,67.22,844.8333333333334,842.0,263.81
12200414,TXL,350,341,303,3,6,3,262,2,70,1,763.4809160305343,746.0,242.2,583.5,583.5,31.82,538.5,538.5,126.57,1538.5,1538.5,374.06,995.0015,995.0015,395.05,1638.0,1638.0,107.48
12200515,Alt-Tegel,808,768,703,11,23,16,637,5,348,2,606.4615384615385,561.0,257.27,385.55555555555554,332.0,172.82,568.0,449.0,302.98,793.1428571428571,858.0,269.43,914.5033999999999,911.907,147.43,946.2727272727273,1101.0,363.68
12400616,Konradshöhe/Tegelort,187,171,154,2,8,8,127,1,73,0,653.1574803149606,567.0,285.8,403.5,403.5,105.36,579.2857142857143,590.0,240.45,,,,1257.54,1257.54,,728.75,709.0,160.3
12400617,Alt-Heiligensee,149,139,126,0,3,7,109,1,18,0,807.4036697247707,744.0,251.45,,,,793.5,793.5,48.79,789.5,789.5,45.96,940.22,940.22,,1496.25,1585.5,425.18
12400618,Heiligensee Nord,129,121,111,0,5,3,97,0,11,0,818.9072164948453,784.0,219.61,,,,1002.3333333333334,1072.0,265.45,793.0,793.0,,,,,985.0,985.0,527.5
12400619,Heiligensee,251,246,220,3,2,3,194,0,36,0,787.5154639175257,718.5,244.35,589.5,589.5,41.72,603.0,603.0,0.0,,,,,,,1385.0,1385.0,
12400720,Frohnau West,272,259,234,4,7,6,193,0,44,0,716.1243523316062,700.0,188.76,578.0,578.0,93.34,925.5,967.5,217.0,,,,,,,1074.8,818.0,446.83
12400721,Frohnau Ost,224,211,191,3,5,8,161,0,70,0,670.6211180124224,626.0,204.52,562.5,562.5,34.65,708.5,800.0,410.81,907.0,907.0,,,,,1147.4285714285713,1248.0,300.34
12400722,Hermsdorf West,310,243,218,2,6,8,198,0,103,0,642.9444444444445,595.0,239.32,505.0,505.0,28.28,453.0,453.0,,,,,,,,906.8333333333334,917.5,359.62
12400723,Hermsdorf Ost/Waldsee,228,204,175,2,12,12,160,5,88,3,630.8375,586.5,188.64,509.0,509.0,72.12,614.3,571.0,164.47,711.8,744.0,99.62,882.8997999999999,892.883,183.49,896.0,694.0,367.27
12500824,Ziekowstraße/Freie Scholle,308,289,261,1,9,10,241,1,121,1,646.7842323651453,602.0,210.4,,,,651.5,669.0,109.47,805.0,805.0,,805.077,805.077,,658.4285714285714,649.0,282.24
12500825,Borsigwalde,296,271,248,2,17,7,226,4,112,1,658.6814159292036,605.0,212.73,,,,719.7,716.0,152.88,942.75,703.5,546.13,904.0909999999999,932.9335,107.14,1118.0,1149.0,202.6
12500926,Wittenau Süd,377,364,328,5,6,7,302,1,166,1,594.2284768211921,566.0,223.14,399.0,416.5,93.87,588.0,478.0,197.49,884.0,884.0,,817.343,817.343,,579.6666666666666,558.0,157.6
12500927,Wittenau Nord,378,258,223,0,7,9,199,2,89,2,658.8291457286432,631.0,210.75,,,,732.0,599.0,275.71,651.5,651.5,65.76,785.5184999999999,785.5184999999999,30.7,896.5555555555555,775.0,289.25
12500928,Waidmannslust,145,140,129,2,1,4,114,0,64,0,645.1491228070175,575.5,220.75,692.0,692.0,,558.0,558.0,,,,,,,,912.5,673.5,551.43
12500929,Lübars,147,142,126,1,5,0,105,1,20,0,761.8380952380952,711.0,202.99,671.0,671.0,,727.75,729.0,91.87,914.0,914.0,,913.703,913.703,,,,
12500930,Wittenau Mitte,439,419,385,6,9,11,353,2,178,1,634.872521246459,602.0,236.23,468.3333333333333,514.0,137.32,537.6,528.0,107.53,810.0,810.0,295.57,870.2055,870.2055,250.48,874.75,780.5,413.18
12601031,Lübarser Straße,129,119,108,0,3,7,100,1,51,0,664.19,600.0,239.65,,,,712.0,712.0,,1624.0,1624.0,,1623.797,1623.797,,918.7142857142857,895.0,265.69
12601032,Rollbergesiedlung,288,267,236,3,10,11,214,2,83,2,685.2009345794393,651.0,172.74,621.0,580.0,128.5,709.8571428571429,697.0,109.87,605.5,605.5,70.0,799.817,799.817,70.47,843.5555555555555,705.0,336.79
12601133,Treuenbrietzener Straße,487,459,408,6,17,11,379,4,105,2,746.7255936675461,734.0,211.09,580.0,568.0,81.13,705.2222222222222,677.0,132.39,972.1666666666666,979.0,185.8,926.8032499999999,927.1534999999999,131.59,914.2222222222222,904.0,299.24
12601134,Märkisches Zentrum,759,719,645,6,21,16,581,2,150,1,772.3717728055077,741.0,235.2,621.0,700.0,212.8,749.8888888888889,733.0,87.79,820.7142857142857,882.0,186.34,979.7695,979.7695,166.77,796.4166666666666,734.0,206.28
12601235,Dannenwalder Weg,390,376,340,2,8,6,309,1,92,1,736.9288025889967,715.0,221.23,589.5,589.5,27.58,789.5,662.0,286.51,832.0,832.0,,862.01,862.01,,710.1666666666666,752.5,200.42
12601236,Schorfheidestraße,127,120,104,1,2,5,93,0,46,0,641.989247311828,608.0,221.12,605.0,605.0,,595.0,595.0,387.49,,,,,,,797.6,661.0,338.08
