district_area_id,district_area_name,mission_count_all,mission_count_ems,mission_count_ems_critical,mission_count_ems_critical_cpr,mission_count_fire,mission_count_technical_rescue,mission_count_ems_critical_timegoal_computed,mission_count_fire_timegoal_computed,mission_count_ems_critical_timegoal_reached,mission_count_fire_timegoal_reached,response_time_ems_critical_mean,response_time_ems_critical_median,response_time_ems_critical_std,response_time_ems_critical_cpr_mean,response_time_ems_critical_cpr_median,response_time_ems_critical_cpr_std,response_time_fire_time_to_first_pump_mean,response_time_fire_time_to_first_pump_median,response_time_fire_time_to_first_pump_std,response_time_fire_time_to_first_ladder_mean,response_time_fire_time_to_first_ladder_median,response_time_fire_time_to_first_ladder_std,response_time_fire_time_to_full_crew_mean,response_time_fire_time_to_full_crew_median,response_time_fire_time_to_full_crew_std,response_time_technical_rescue_mean,response_time_technical_rescue_median,response_time_technical_rescue_std
11001,Tiergarten Süd,1272,1027,849,7,87,56,755,41,401,38,628.6,600.0,210.81,399.67,436.0,105.31,609.05,589.0,172.54,724.05,686.0,178.23,752.49,728.96,126.07,882.63,802.0,380.02
11002,Regierungsviertel,1697,1483,1224,6,151,60,1110,61,594,56,617.1,594.0,193.8,468.0,470.0,95.33,578.06,543.0,181.75,725.71,707.0,122.71,780.74,733.01,279.06,847.54,735.5,383.73
11003,Alexanderplatz,4942,4159,3427,20,304,153,3117,125,1921,114,591.91,554.0,206.71,423.47,427.0,74.82,546.69,532.0,152.71,678.72,653.5,133.72,728.3,694.01,145.23,811.33,668.5,430.19
11004,Brunnenstraße Süd,965,872,723,3,51,42,662,12,422,10,583.04,556.5,203.39,386.0,386.0,,480.31,479.5,96.56,601.31,595.0,90.07,694.6,643.4,157.64,880.72,681.0,460.44
12005,Moabit West,2040,1884,1637,7,87,69,1441,28,813,24,614.99,587.0,196.83,481.83,475.5,101.06,541.86,532.5,99.67,720.27,681.0,177.78,743.16,696.59,173.34,861.28,901.5,334.7
12006,Moabit Ost,3123,2873,2428,10,158,92,2203,60,1236,53,620.3,579.0,214.51,499.75,501.5,94.41,548.92,528.0,144.13,670.98,646.5,176.79,731.98,718.53,150.29,870.31,691.0,421.82
13007,Osloer Straße,1871,1676,1422,16,57,62,1273,16,643,15,644.9,611.0,207.08,460.4,443.5,94.61,568.92,544.5,200.54,712.15,708.5,128.05,705.31,683.55,121.67,905.5,869.0,372.45
13008,Brunnenstraße Nord,2278,2082,1755,12,103,93,1589,17,987,17,601.45,552.0,216.48,439.6,453.5,76.74,569.07,525.0,187.51,741.17,680.0,193.16,682.99,685.81,135.95,855.97,644.0,479.47
14009,Parkviertel,2873,2324,1980,14,95,55,1797,15,1088,14,594.23,557.0,193.67,371.64,359.0,75.56,551.83,512.5,155.14,752.52,763.0,145.39,700.92,701.01,131.84,884.93,881.5,359.34
14010,Wedding Zentrum,2948,2676,2263,24,106,88,2027,12,1279,12,594.09,550.0,211.75,468.57,494.0,119.62,553.83,513.0,198.35,717.26,680.0,154.07,704.29,710.07,122.37,770.86,614.5,362.48
21001,Südliche  Friedrichstadt,2624,2334,1970,10,194,93,1777,58,1218,49,568.31,526.0,195.82,395.71,351.0,105.28,551.08,528.0,152.59,717.55,699.0,178.49,743.45,718.97,194.85,755.88,661.0,332.02
22002,Tempelhofer Vorstadt,2963,2545,2121,10,142,104,1911,48,1208,43,584.85,550.0,201.8,421.62,453.0,74.99,603.4,563.0,169.75,754.05,721.0,189.64,745.99,738.48,109.38,761.34,668.0,339.12
23003,Nördliche Luisenstadt,1225,1131,923,12,59,34,837,11,640,9,523.63,481.0,181.17,380.0,374.0,61.49,596.17,494.0,251.43,778.67,713.0,217.25,688.38,644.97,260.41,713.14,586.0,336.48
23004,Südliche Luisenstadt,1242,1146,936,9,54,42,825,9,571,8,557.59,518.0,206.25,430.57,364.0,115.31,468.88,462.5,107.34,618.0,603.5,121.56,670.77,620.77,193.36,756.24,719.0,345.25
24005,Karl-Marx-Allee Nord,1373,1141,954,6,50,37,862,11,534,11,591.58,558.0,210.48,462.0,462.0,47.05,543.28,493.0,212.48,668.82,710.0,138.76,629.74,673.66,116.03,986.96,1082.5,462.98
24006,Karl-Marx-Allee Süd,2012,1852,1543,9,111,49,1408,43,987,40,553.92,519.0,207.16,419.86,376.0,145.41,563.46,496.0,239.33,621.65,585.0,161.16,680.98,660.89,142.81,798.72,571.0,443.43
25007,Frankfurter Allee Nord,1097,992,827,7,57,48,751,8,423,8,621.33,589.0,201.56,505.29,493.0,74.5,655.58,607.0,273.4,775.12,691.5,296.01,697.26,679.43,91.08,902.29,726.5,394.88
25008,Frankfurter Allee Süd FK,2283,2092,1743,14,116,75,1581,36,940,28,603.6,568.0,197.67,417.69,427.0,63.8,573.02,546.5,146.16,663.83,670.0,173.61,775.84,740.82,183.44,816.03,720.0,340.39
31001,Buch,1035,857,729,5,45,31,620,16,325,7,665.89,603.0,233.1,652.0,626.0,138.84,745.62,740.5,123.62,884.14,839.0,145.13,954.95,918.02,208.62,1017.54,912.0,362.47
32002,Blankenfelde/Niederschönhausen,1077,1024,871,2,26,26,771,5,249,5,729.2,691.0,220.71,851.0,851.0,,590.22,538.0,311.97,916.0,724.0,505.23,682.27,767.34,176.47,907.58,839.0,365.86
32003,Buchholz,613,585,483,5,16,12,431,3,143,3,703.89,669.0,194.53,522.4,526.0,149.79,556.0,550.0,133.93,717.67,699.0,66.98,856.91,869.1,44.66,935.6,858.0,481.12
33004,Karow,598,575,500,5,13,9,422,1,245,1,624.41,587.5,195.75,667.5,667.5,10.61,752.0,733.0,156.41,751.0,751.0,172.53,872.59,872.59,,800.67,765.5,125.25
33005,Blankenburg/Heinersdorf/Märchenland,848,809,688,10,22,17,621,5,265,3,670.26,642.0,193.69,482.0,450.0,97.87,607.08,588.5,85.98,853.6,921.0,149.9,866.94,857.11,93.25,760.82,662.0,264.67
34006,Schönholz/Wilhelmsruh/Rosenthal,776,737,620,6,22,16,541,4,189,1,701.3,677.0,206.48,554.33,500.0,108.26,813.69,684.5,306.52,1034.0,1023.5,121.92,1185.78,1123.25,510.49,807.11,717.0,298.15
34007,Pankow Zentrum,1667,1483,1267,10,44,34,1138,9,560,7,663.18,620.5,224.06,465.0,436.0,132.34,634.86,583.0,305.59,733.78,648.0,193.18,800.68,771.02,187.09,808.04,700.5,399.64
34008,Pankow Süd,1376,1286,1075,13,50,40,983,9,443,8,658.06,634.0,199.43,440.2,477.5,100.46,745.33,649.0,350.72,729.81,694.0,131.26,732.0,708.76,117.68,918.43,800.0,411.1
35009,Weißensee,1589,1397,1190,9,46,47,1094,8,581,8,630.4,594.0,213.13,482.25,428.5,219.68,607.88,538.0,281.68,722.78,722.0,109.95,763.63,756.52,73.77,773.9,696.0,330.26
35010,Weißensee Ost,897,826,708,10,36,12,650,13,330,5,641.33,610.5,187.56,442.5,417.0,104.03,618.96,581.0,156.92,627.14,588.5,190.41,962.17,954.94,184.59,722.6,623.0,312.75
36011,Prenzlauer Berg Nordwest,920,823,681,4,50,47,617,6,305,6,646.57,624.0,211.59,479.25,513.5,87.52,675.32,606.0,169.71,726.75,632.5,243.91,709.74,699.49,132.95,725.77,619.0,385.72
36012,Prenzlauer Berg Nord,958,889,761,4,37,32,707,4,380,4,622.42,594.0,203.93,459.25,499.0,136.01,567.48,550.0,161.49,662.25,638.5,152.22,682.12,657.42,118.89,1114.12,1169.0,427.38
36013,Helmholtzplatz,566,506,409,0,32,28,373,1,207,1,624.83,593.0,202.25,,,,562.35,551.5,117.95,872.6,746.0,497.25,869.34,869.34,,682.75,621.0,363.28
36014,Prenzlauer Berg Ost,1621,1504,1285,21,76,41,1167,12,572,10,638.68,614.0,190.25,471.94,483.5,90.63,635.91,623.0,173.95,739.33,737.0,70.34,879.51,753.25,344.53,900.45,826.0,316.53
37015,Prenzlauer Berg Südwest,839,782,627,1,23,34,562,7,291,7,618.72,601.0,197.91,,,,551.0,549.0,97.55,583.5,584.0,131.02,728.15,751.92,89.22,815.55,676.0,385.59
37016,Prenzlauer Berg Süd,837,774,636,3,35,28,580,3,305,3,626.9,600.5,181.31,418.0,418.0,60.81,562.65,565.0,122.21,846.57,656.0,442.89,683.05,664.67,46.67,828.5,695.5,364.72
41001,Charlottenburg Nord,1196,1110,938,11,49,33,844,5,315,5,693.9,665.0,200.66,480.78,445.0,139.55,653.05,657.0,167.06,763.57,747.0,57.23,772.77,791.45,59.39,960.79,898.5,347.68
42002,Heerstraße,850,759,629,4,29,40,577,9,175,7,718.99,677.0,221.38,564.5,579.5,58.96,687.82,680.0,86.44,795.93,677.5,293.65,784.46,745.38,103.43,1150.0,1119.5,396.16
42003,Westend,1737,1464,1249,12,55,64,1094,14,548,14,649.34,615.0,219.89,478.33,476.0,117.15,714.18,667.5,242.08,698.32,734.0,216.08,775.65,785.74,72.84,783.98,645.0,360.52
43004,Schloss Charlottenburg,2069,1834,1553,15,68,68,1399,13,872,11,584.84,538.0,224.57,370.64,369.0,91.28,592.08,556.0,205.13,740.39,749.5,217.08,709.45,654.63,165.93,805.67,659.0,376.68
43005,Mierendorffplatz,1081,982,810,7,69,29,715,25,409,24,617.11,581.0,196.45,508.0,518.0,102.23,546.36,537.0,118.07,744.22,653.0,243.56,706.29,696.79,108.09,760.79,704.5,298.91
43006,Otto-Suhr-Allee/Kantstraße,2524,2316,1963,15,115,93,1786,39,1133,35,584.65,557.0,190.47,453.56,415.0,154.46,515.88,500.0,110.45,672.58,645.0,176.86,704.38,660.46,164.3,809.02,721.0,329.52
44007,Grunewald,931,747,643,11,27,34,572,3,218,3,676.84,655.0,197.03,579.0,587.0,61.27,754.0,681.0,259.51,862.5,791.0,197.63,643.56,676.01,84.47,821.17,755.5,294.3
44008,Schmargendorf,1539,1458,1244,15,40,39,1137,9,515,8,655.29,634.0,181.71,479.79,473.0,100.98,612.2,613.0,85.9,763.62,737.0,182.5,833.26,823.36,181.42,972.53,894.5,359.53
45009,Halensee,1304,1220,1031,7,42,42,937,13,601,11,592.21,549.0,201.34,361.33,402.0,83.61,573.96,523.0,146.99,662.06,633.0,120.53,724.5,673.75,119.71,714.03,677.0,267.69
45010,Lietzenburger Straße,2893,2664,2225,14,141,88,2023,49,1313,48,583.26,548.0,190.73,404.7,411.5,51.8,505.46,488.0,109.06,653.6,635.0,157.52,692.54,655.88,233.93,690.96,614.0,302.47
45011,Volkspark Wilmersdorf,2146,1904,1609,15,79,73,1497,16,980,13,570.36,537.0,186.09,406.73,386.0,123.98,553.85,481.5,281.49,601.1,562.0,131.89,738.5,731.39,162.95,774.34,677.0,344.44
51001,Hakenfelde,1437,1374,1188,13,28,33,1063,7,439,5,690.37,647.0,216.21,543.56,581.0,128.66,693.3,649.5,195.03,753.71,702.0,213.61,844.19,888.2,104.93,1134.16,1129.0,426.11
51002,Falkenhagener Feld,2134,1895,1601,13,62,51,1368,8,664,7,650.14,615.0,209.98,544.5,535.5,85.22,741.93,685.0,246.28,824.95,751.0,195.1,760.28,736.83,112.63,1030.42,968.0,425.65
51003,Spandau Mitte,2619,2315,1955,18,100,81,1725,24,1129,23,579.99,547.0,206.89,475.0,500.0,88.48,606.79,572.0,182.54,679.21,669.0,218.53,703.08,693.09,106.92,908.73,734.0,445.87
52004,Brunsbütteler Damm,985,933,806,12,38,14,687,10,228,6,706.66,678.0,193.38,564.86,542.0,122.64,807.58,707.5,379.67,798.07,789.0,169.17,863.86,859.24,151.4,924.43,933.0,184.05
52005,Heerstraße,1504,1405,1219,10,53,45,1080,11,412,6,697.72,651.0,208.6,555.0,562.0,119.88,814.97,634.5,376.85,693.21,631.0,178.71,868.17,806.9,205.35,996.06,842.0,417.64
52006,Wilhelmstadt,2170,2046,1721,15,54,69,1544,9,1058,9,575.43,535.0,203.11,454.58,461.0,87.39,495.89,468.0,147.07,694.25,555.0,400.0,735.33,714.63,76.56,810.56,637.5,435.64
53007,Haselhorst,862,801,694,6,25,34,618,5,288,3,646.4,630.0,208.83,510.2,500.0,157.23,711.75,667.5,123.49,809.33,798.5,170.82,847.5,841.58,147.37,1035.6,1039.0,292.41
53008,Siemensstadt,679,595,507,3,55,29,461,24,219,21,657.94,636.0,199.15,470.0,470.0,63.64,731.66,695.0,223.35,847.5,841.0,180.86,802.84,795.16,132.34,874.68,799.0,228.02
54009,Gatow/Kladow,771,643,550,7,16,44,446,3,220,1,696.58,610.0,288.6,522.0,522.0,183.85,895.0,794.0,325.91,899.5,899.5,24.75,1409.56,1280.58,624.65,817.27,922.0,419.45
61001,Schloßstraße,1166,1080,909,7,62,24,813,4,437,4,629.76,595.0,203.14,443.8,428.0,111.52,629.7,519.0,287.75,659.2,715.0,118.33,742.9,731.38,52.2,1038.95,1175.0,377.32
61002,Albrechtstraße,1944,1834,1553,19,56,54,1388,9,795,7,607.67,579.0,200.26,458.94,442.5,106.28,568.03,506.0,233.0,724.92,709.0,212.76,802.61,771.93,138.53,819.72,635.0,423.7
62003,Lankwitz,2114,1935,1664,21,47,46,1499,3,745,2,645.75,612.0,195.97,556.07,583.5,86.49,707.68,631.5,273.28,780.67,793.0,168.68,866.39,792.82,223.99,959.58,855.0,446.24
62004,Ostpreußendamm,1716,1553,1314,17,59,48,1170,2,451,2,691.85,666.0,215.31,564.77,559.0,79.35,629.09,588.0,251.39,822.83,829.0,88.71,743.52,743.52,70.39,869.58,716.5,420.39
63005,Teltower Damm,1549,1357,1163,10,38,45,1062,7,425,7,690.82,657.5,211.47,537.86,513.0,119.06,694.14,632.5,183.29,687.18,676.0,122.4,786.85,785.23,51.83,979.86,735.0,512.74
63006,Drakestraße,1800,1569,1328,13,63,41,1228,11,581,7,669.28,629.0,206.23,534.22,503.0,102.49,630.94,604.5,134.87,776.26,776.0,86.17,909.8,779.8,350.88,950.74,725.0,445.74
64007,Zehlendorf Südwest,1255,1123,951,7,40,52,814,8,341,4,699.65,643.5,232.57,567.75,563.5,35.67,721.81,702.5,173.73,914.85,861.0,212.91,1065.53,958.63,328.61,1022.14,954.0,402.65
64008,Zehlendorf Nord,1619,1462,1239,11,45,62,1108,7,448,5,689.09,655.0,219.3,475.0,508.0,121.41,682.82,631.0,309.41,707.6,634.0,173.25,805.41,848.74,115.0,939.87,777.0,414.27
71001,Schöneberg Nordwest,1532,1423,1177,12,61,48,1071,21,650,21,596.23,574.0,180.51,444.18,448.0,65.6,523.26,515.0,88.88,654.41,667.0,148.59,691.37,716.96,74.59,779.88,712.0,229.6
71002,Schöneberg Nordost,831,748,632,8,38,44,572,12,339,12,591.11,577.5,165.88,502.33,464.5,88.04,548.35,538.0,84.63,637.09,607.0,103.5,695.4,674.77,116.13,726.05,663.0,234.8
72003,Schöneberg Südwest,788,728,611,8,26,33,553,5,375,5,579.01,546.0,181.38,497.8,483.0,50.23,528.19,531.0,94.2,787.8,852.0,233.86,643.87,614.08,131.72,862.96,810.0,324.75
72004,Schöneberg Südost,1413,1279,1078,9,63,70,1010,11,664,9,571.16,538.0,207.08,399.11,380.0,96.48,539.12,524.5,109.08,639.07,633.0,193.2,1454.62,646.62,2561.61,816.32,728.0,306.93
73005,Friedenau West,821,762,653,5,38,21,580,10,344,10,605.1,576.5,195.32,483.33,470.0,32.15,589.95,563.0,94.13,693.12,692.5,122.63,704.31,699.69,80.21,862.5,775.5,280.49
73006,Friedenau Ost,912,636,536,4,26,37,477,9,276,8,614.05,581.0,197.03,403.75,395.5,33.79,525.18,554.0,116.54,647.5,619.5,73.4,719.82,698.48,131.17,879.34,877.0,360.47
74007,Tempelhof Nord,1118,851,688,5,46,33,639,8,339,7,637.23,595.0,212.18,471.8,417.0,81.92,674.09,597.0,308.94,780.78,653.0,347.84,797.71,786.29,64.31,926.22,787.0,372.13
74008,Tempelhof Südwest,1411,1321,1147,13,45,45,1030,11,637,10,590.94,565.5,190.34,489.82,532.0,191.17,560.86,557.0,118.57,638.5,615.5,116.91,690.63,671.08,98.54,830.98,588.0,448.81
74009,Tempelhof Südost,942,856,728,6,39,31,665,7,376,6,605.6,578.0,215.11,436.8,421.0,131.79,565.14,533.5,141.75,628.36,647.0,89.53,713.56,724.59,110.59,974.28,924.0,421.3
75010,Mariendorf Nord,1426,1370,1160,15,28,28,1058,6,598,5,621.13,579.5,210.46,501.08,502.0,52.15,610.17,567.0,103.71,737.0,762.0,72.38,820.33,832.74,140.88,968.26,821.0,433.05
75011,Mariendorf Süd,1155,1105,925,9,25,25,854,3,489,3,623.17,578.5,205.71,479.29,472.0,64.36,530.91,516.0,73.05,737.43,703.0,100.8,748.8,700.07,130.94,849.1,704.0,386.7
76012,Marienfelde Nord,809,764,654,8,18,26,589,6,307,4,644.95,605.0,206.53,491.5,499.0,57.72,793.69,767.0,180.26,842.17,782.0,196.79,879.76,825.4,138.15,1001.42,937.0,398.53
76013,Marienfelde Süd,717,669,556,4,32,16,497,3,201,0,684.1,645.0,217.4,355.0,355.0,223.45,829.15,776.0,233.99,880.12,906.0,96.07,1010.56,989.64,108.8,878.73,828.0,224.4
76014,Lichtenrade Nord,854,824,700,5,8,22,603,2,236,2,696.17,651.0,221.7,553.4,518.0,98.53,796.33,766.0,76.17,751.0,751.0,35.36,822.37,822.37,85.47,1068.29,836.0,459.16
76015,Lichtenrade Süd,1404,1332,1154,13,37,34,982,6,388,2,722.75,687.5,247.81,592.78,495.0,217.77,778.53,754.0,308.45,977.88,936.0,226.88,964.9,938.21,106.13,1209.4,1155.0,360.47
81001,Schillerpromenade,1610,1436,1212,10,114,58,1107,17,675,16,606.01,566.0,215.15,450.57,449.0,71.18,585.0,560.5,200.29,616.92,572.0,153.04,710.85,706.34,114.69,867.57,727.5,369.55
81002,Neuköllner Mitte/Zentrum,2021,1847,1573,10,113,60,1399,21,852,17,590.77,555.0,214.63,416.5,401.0,60.89,515.32,501.0,115.11,579.5,544.5,136.85,728.77,702.39,149.4,910.83,700.5,442.61
81003,Reuterstraße,1741,1602,1340,17,68,69,1202,16,741,15,599.93,569.5,180.34,466.55,519.0,121.7,620.5,573.0,158.04,635.44,645.0,73.46,697.13,680.42,101.25,916.82,849.0,344.31
81004,Rixdorf,1780,1626,1371,10,89,65,1249,22,679,19,627.61,593.0,203.24,512.71,563.0,135.24,589.08,598.0,152.17,706.58,628.5,170.59,770.43,761.97,115.31,892.23,864.0,301.74
81005,Köllnische Heide,876,779,660,5,47,50,599,14,206,12,694.66,659.0,195.22,651.5,651.5,7.78,628.9,639.0,119.98,671.92,672.5,107.42,769.39,782.78,134.72,910.3,849.0,269.71
82006,Britz Nord,1114,1042,892,7,33,38,804,9,438,8,622.87,595.0,203.95,492.5,493.5,91.4,632.62,597.0,259.63,684.67,628.5,182.7,790.33,680.28,296.83,1095.71,1121.0,384.8
82007,Britz,1294,1230,1034,12,45,19,930,10,436,9,662.84,628.0,203.89,524.22,545.0,110.29,616.32,600.5,183.02,740.87,748.0,90.78,776.82,783.44,92.86,909.93,703.0,549.52
82008,Buckow,1146,1077,939,7,27,42,839,2,235,2,714.23,683.0,180.91,594.2,549.0,177.73,791.0,669.0,257.34,759.2,743.0,164.35,789.94,789.94,66.22,947.82,811.5,394.69
83009,Gropiusstadt West,1225,1159,1008,12,36,30,898,4,492,3,651.35,588.0,235.44,419.4,425.5,86.69,826.0,702.0,363.25,1012.17,846.0,426.19,827.17,802.71,75.78,859.39,767.0,383.51
83010,Gropiusstadt Ost,1094,1021,873,8,45,28,797,3,407,3,649.55,606.0,199.23,455.71,487.0,90.8,627.37,545.0,307.8,741.8,749.5,146.96,765.35,766.9,28.6,931.92,966.5,346.34
84011,Buckow Nord,854,537,444,5,17,11,398,6,234,5,612.52,561.5,230.87,485.0,438.0,103.81,649.62,625.5,190.41,725.29,677.0,170.06,740.65,716.78,128.29,671.5,632.5,399.05
84012,Rudow,1894,1807,1551,16,34,53,1365,3,619,2,664.75,635.0,211.58,510.45,513.0,50.51,664.35,669.0,290.81,702.0,733.0,57.19,765.31,738.06,126.8,792.11,704.5,301.5
91001,Alt-Treptow,613,567,431,4,29,17,396,5,178,5,654.24,636.5,192.43,455.33,431.0,113.47,734.31,660.0,217.14,765.0,803.0,100.18,810.73,844.03,76.04,954.46,894.0,389.96
91002,Plänterwald,508,483,398,9,10,14,352,2,83,2,728.18,709.0,176.95,537.4,519.0,67.2,681.0,665.5,89.88,698.67,653.0,129.68,772.7,772.7,71.83,866.42,826.0,181.46
91003,Baumschulenweg,973,927,794,12,26,20,711,3,292,3,676.57,645.0,188.32,548.82,560.0,69.03,660.47,651.0,118.35,679.11,712.0,113.3,656.42,629.09,114.82,772.18,721.0,229.94
91004,Johannisthal,980,918,794,12,34,27,725,2,391,2,639.33,597.0,222.88,513.27,502.0,61.39,676.5,605.5,291.53,777.2,607.0,381.12,675.39,675.39,16.73,765.08,645.5,327.49
92005,Oberschöneweide,1074,1011,837,7,36,27,762,4,225,3,706.3,682.0,183.59,544.8,569.0,91.35,670.88,664.0,108.27,751.71,719.0,103.44,897.43,818.46,252.22,841.8,810.5,341.34
92006,Niederschöneweide,863,819,706,10,28,16,650,4,287,3,678.39,639.5,213.35,617.5,582.0,139.84,636.75,544.5,282.07,624.14,591.0,182.44,783.43,723.3,183.23,744.5,664.5,288.12
92007,Adlershof,1022,961,810,7,35,26,719,8,276,5,671.84,656.0,186.96,460.33,479.0,49.7,662.5,639.5,137.46,737.58,664.0,266.87,942.53,784.75,313.32,874.33,800.5,437.65
92008,Köllnische Vorstadt/Spindlersfeld,531,492,423,6,22,17,371,5,171,3,673.42,634.0,213.66,569.75,550.0,77.35,672.29,603.0,222.31,785.22,768.0,253.96,834.89,787.71,123.77,957.23,764.0,345.81
93009,Altglienicke,1066,1002,850,10,33,31,744,6,176,5,768.83,744.5,209.0,628.57,664.0,104.24,688.86,716.0,155.55,814.09,829.0,139.16,839.11,829.16,45.86,1035.33,904.0,306.19
93010,Bohnsdorf,748,597,510,6,25,21,427,8,195,3,698.94,632.0,242.75,584.33,557.0,136.5,713.79,685.0,95.79,959.82,940.0,143.21,996.44,925.32,187.55,1153.85,958.0,414.24
93011,Grünau,410,390,327,2,9,11,284,3,91,2,727.61,699.0,215.25,,,,704.2,698.0,281.17,892.33,883.0,51.64,894.61,886.6,52.99,830.43,847.0,481.6
93012,Schmöckwitz,164,151,116,0,6,7,91,1,5,0,947.35,904.0,257.18,,,,692.0,670.0,63.91,,,,990.47,990.47,,1063.0,1063.0,429.92
94013,Köpenick Süd,544,518,430,6,16,10,377,5,122,3,733.0,688.0,232.6,611.8,615.0,101.37,818.5,802.5,257.12,815.29,749.0,254.01,1042.9,877.23,378.04,939.43,719.0,396.15
94014,Allende-Viertel,802,656,558,8,16,16,484,1,238,1,630.18,613.0,191.58,430.2,464.0,149.66,733.9,676.5,254.02,713.57,715.0,75.59,813.58,813.58,,960.71,769.5,396.68
94015,Altstadt Köpenick,400,383,308,6,7,10,271,3,166,1,612.1,559.0,222.94,435.67,424.0,39.8,591.0,599.0,70.11,957.0,957.0,90.51,1010.6,1016.18,196.83,686.89,623.0,302.27
94016,Müggelheim,213,207,182,3,2,4,156,0,34,0,888.31,881.0,295.2,686.0,686.0,,558.0,558.0,,,,,,,,651.0,651.0,
95017,Friedrichshagen,917,880,732,6,14,22,605,1,254,0,681.72,662.0,218.35,588.4,623.0,167.09,566.29,621.0,161.06,1171.5,1171.5,55.86,1132.22,1132.22,,845.17,710.0,368.53
95018,Rahnsdorf,377,360,303,6,7,9,242,2,138,0,632.5,580.0,221.85,529.2,501.0,90.41,742.25,726.0,90.91,1449.5,1449.5,293.45,1410.62,1410.62,230.77,796.2,817.0,192.66
95019,Dammvorstadt,680,640,536,5,19,21,480,3,293,1,616.26,570.0,203.22,387.0,387.0,1.41,716.79,768.5,150.96,762.0,610.0,367.31,1023.62,1026.37,201.75,972.73,688.0,515.72
95020,Köpenick Nord,572,545,453,5,9,18,404,1,141,0,722.27,679.5,207.47,578.0,475.0,241.57,638.2,572.0,171.14,535.0,535.0,,1042.68,1042.68,,1193.5,1282.0,371.58
101001,Marzahn Nord,1222,1167,1021,7,26,28,944,2,247,1,739.93,709.0,218.28,524.0,480.0,162.53,961.14,843.0,329.34,1082.33,771.0,556.66,956.75,956.75,281.19,866.77,797.0,259.22
101002,Marzahn Mitte,2614,2448,2101,21,94,71,1933,10,786,9,680.25,648.0,203.29,565.4,553.0,126.62,717.53,676.0,210.26,689.86,665.0,115.35,726.2,707.45,134.0,953.71,801.5,431.97
101003,Marzahn Süd,2212,2055,1738,26,93,63,1611,13,896,12,626.0,593.0,202.7,484.27,500.0,99.98,656.7,598.0,224.14,612.89,595.0,119.44,679.91,641.48,108.67,817.65,745.0,355.77
102004,Hellersdorf Nord,2036,1905,1592,13,83,48,1460,4,457,1,730.51,690.0,215.34,577.67,607.5,64.81,636.58,610.0,113.04,866.43,852.0,180.77,937.7,964.98,73.46,758.22,691.0,318.44
102005,Hellersdorf Ost,1024,931,802,7,65,28,709,10,184,2,751.26,707.0,208.32,538.5,536.0,50.58,592.55,580.0,132.62,858.45,849.0,183.5,956.7,974.02,111.46,810.05,813.0,185.64
102006,Hellersdorf Süd,1276,1207,1028,14,38,30,923,2,561,1,626.56,553.0,243.21,483.55,461.0,122.89,701.3,610.0,310.52,1045.5,1013.5,270.94,833.24,833.24,237.61,649.58,646.0,144.41
103007,Biesdorf,1455,1215,1044,16,44,43,944,12,397,10,672.77,652.0,216.2,554.5,537.0,130.18,652.66,623.0,138.06,740.79,726.0,140.57,723.62,700.62,111.92,837.19,769.0,383.86
104008,Kaulsdorf,846,703,606,3,21,22,547,3,201,2,700.88,677.0,212.89,481.5,481.5,21.92,627.56,568.5,328.92,989.0,1034.0,302.63,868.01,874.31,41.75,764.75,702.5,136.14
104009,Mahlsdorf,896,842,749,11,22,32,668,1,87,0,821.84,798.0,205.82,679.44,692.0,79.42,729.2,712.0,110.48,901.67,821.0,190.29,1081.3,1081.3,,958.74,885.0,320.21
111001,"Malchow, Wartenberg und Falkenberg",284,271,224,1,6,6,213,2,67,0,761.43,726.0,249.08,782.0,782.0,,743.5,743.5,293.45,1153.0,1153.0,165.46,1308.32,1308.32,108.13,1324.75,1279.0,542.64
111002,Neu-Hohenschönhausen Nord,1438,1342,1134,9,63,30,1047,10,382,6,703.63,683.0,199.82,528.12,512.0,124.85,717.23,738.0,156.5,935.5,878.0,229.8,951.23,867.1,188.57,973.82,815.0,352.05
111003,Neu-Hohenschönhausen Süd,1410,1341,1141,8,40,29,1058,7,271,3,725.17,699.0,195.2,555.33,546.0,64.03,728.7,677.0,287.12,874.18,850.0,134.87,899.1,973.88,213.37,1006.95,976.0,232.85
112004,Alt-Hohenschönhausen Nord,837,769,645,6,39,29,590,9,294,7,642.47,621.0,209.26,453.67,312.0,268.21,727.0,722.5,201.73,827.8,730.5,250.84,934.02,795.01,355.08,868.19,872.0,284.31
112005,Alt-Hohenschönhausen Süd,1572,1462,1235,17,82,27,1137,15,546,12,652.83,617.0,197.16,530.5,546.0,91.7,688.07,661.5,142.85,756.75,747.5,128.93,797.96,780.18,113.6,969.3,828.0,345.64
113006,Fennpfuhl,1735,1633,1399,13,55,46,1286,9,692,9,626.65,598.0,197.86,526.67,504.0,107.25,696.79,660.0,203.85,847.0,802.5,194.29,730.09,713.22,81.63,968.18,1020.0,385.24
113007,Alt-Lichtenberg,1983,1573,1325,13,121,42,1215,24,737,14,596.61,563.0,205.82,495.55,520.0,118.73,655.94,628.0,185.75,744.75,723.5,171.42,850.25,859.64,120.62,902.1,802.0,432.12
113008,Frankfurter Allee Süd,574,529,444,6,30,15,413,7,195,7,652.83,621.0,193.62,532.25,487.5,212.95,707.89,705.5,149.79,720.33,701.5,71.81,762.86,763.87,50.4,1150.8,949.5,436.04
114009,Neu-Lichtenberg,1239,1146,947,7,59,33,855,15,294,5,682.69,665.0,199.18,535.4,523.0,67.54,750.77,705.5,205.53,955.06,891.0,307.69,939.81,933.81,167.73,879.25,765.5,438.03
114010,Friedrichsfelde Nord,903,850,709,5,19,34,659,4,209,4,704.66,683.0,203.41,429.4,444.0,50.92,666.23,656.0,82.19,720.11,705.0,102.91,796.7,785.61,68.44,958.13,872.0,393.39
114011,Friedrichsfelde Süd,1463,1399,1177,15,32,32,1067,2,319,1,729.58,712.0,211.56,655.09,601.0,119.98,794.53,765.0,124.86,856.83,782.0,198.26,956.76,956.76,253.2,1075.75,938.5,412.83
115012,Rummelsburger Bucht,207,186,145,0,9,12,129,3,47,1,705.39,680.0,215.37,,,,795.0,824.0,73.9,903.25,926.5,143.85,935.89,932.18,115.63,819.88,685.5,341.37
115013,Karlshorst,1073,1016,863,7,30,26,775,6,241,0,744.3,731.0,235.05,488.6,467.0,127.68,847.5,802.0,142.38,846.17,889.0,103.22,939.21,935.52,27.27,1062.16,1073.0,296.58
121001,Ost 1 - Reginhardstraße,1510,1415,1226,16,63,31,1095,10,500,9,658.63,628.0,200.55,526.2,511.0,97.93,677.96,635.5,237.91,827.23,807.0,195.32,824.57,698.43,312.2,942.12,815.0,397.05
121002,Ost 2 - Alt-Reinickendorf,1619,1517,1297,17,68,34,1165,16,624,15,630.1,589.0,207.79,466.22,494.0,84.51,629.86,647.0,137.91,740.55,696.5,178.45,739.87,748.86,132.9,823.0,750.5,262.03
122003,West 4 - Auguste-Viktoria-Allee,1424,1343,1131,9,46,35,1010,19,464,17,660.02,626.0,184.89,511.0,507.5,115.78,624.97,611.5,100.23,727.0,666.0,173.83,758.81,756.76,107.04,838.35,796.0,244.47
122004,West 1 - Tegel-Süd/Flughafensee,1162,1092,914,9,40,30,826,7,347,4,689.98,659.5,233.73,529.57,519.0,75.22,661.39,628.0,133.84,1012.9,875.5,354.01,906.2,888.6,179.67,991.33,999.0,323.87
122005,West 5 - Tegel,991,932,801,11,28,29,729,5,425,2,592.46,537.0,253.9,385.56,332.0,172.82,598.44,463.0,294.14,842.5,869.5,285.85,914.5,911.91,147.43,861.86,1055.0,405.33
124006,West 2 - Heiligensee/Konradshöhe,858,811,692,5,21,26,593,3,168,0,758.27,708.0,259.19,496.5,519.0,125.75,728.47,727.0,254.76,744.75,775.0,95.6,1066.85,1002.79,168.08,1071.15,940.0,441.25
124007,Nord 1 - Frohnau/Hermsdorf,1274,1129,937,11,34,45,815,6,372,4,661.26,633.0,211.23,538.62,531.5,58.76,672.52,595.0,254.73,791.38,784.0,148.6,873.58,859.93,165.7,994.16,995.0,373.51
125008,West 3 - Borsigwalde/Freie Scholle,735,679,576,3,31,24,527,7,283,4,642.35,595.0,209.22,,,,668.35,638.0,147.39,838.71,711.0,412.39,851.68,807.42,103.01,786.87,677.0,312.14
125009,Nord 2 - Waidmannslust/Wittenau/Lübars,1856,1649,1399,14,38,41,1256,8,635,5,637.78,607.5,226.26,484.89,485.0,146.63,647.62,593.5,187.11,781.25,791.0,162.48,845.68,812.28,144.52,790.97,677.5,353.82
126010,Rollbergesiedlung,518,478,404,3,18,22,368,5,172,4,672.18,627.5,210.38,621.0,580.0,128.5,684.73,670.0,95.64,814.0,655.0,464.04,955.97,849.64,379.46,877.06,794.0,286.31
126011,MV Nord,1610,1527,1274,12,43,36,1157,8,339,5,753.45,725.0,222.8,595.38,606.0,130.95,718.9,702.0,110.01,890.0,921.5,187.11,889.85,867.36,154.55,836.2,841.0,234.22
126012,MV Süd,630,604,511,3,12,14,458,1,181,1,700.38,671.5,228.46,594.67,605.0,21.46,700.29,658.0,280.42,1043.5,1043.5,299.11,862.01,862.01,,729.31,730.0,259.46
