wache_nummer,anzahl_alarmierungen_RTW,mittlere_ausrueckedauer_RTW,anzahl_alarmierungen_NEF,mittlere_ausrueckedauer_NEF,anzahl_alarmierungen_LHF,mittlere_ausrueckedauer_LHF,anzahl_alarmierungen_DLK,mittlere_ausrueckedauer_DLK,anzahl_alarmierungen_ELW,mittlere_ausrueckedauer_ELW,wache_name,start_date,end_date
1100,1148,58,773.0,61.0,525.0,67.0,,,8.0,114.0,Mitte,2026-07-01,2026-09-30
1200,1471,83,774.0,67.0,480.0,88.0,177.0,83.0,537.0,59.0,Friedrichshain,2026-07-01,2026-09-30
1204,565,67,,,,,,,,,Am Friedrichshain,2026-07-01,2026-09-30
1300,980,85,,,543.0,77.0,242.0,104.0,,,Prenzlauer Berg,2026-07-01,2026-09-30
1310,360,112,,,,,,,,,Schieritz/Prenzlauer Berg,2026-07-01,2026-09-30
1400,331,72,,,203.0,56.0,72.0,92.0,,,Moabit,2026-07-01,2026-09-30
1500,1486,62,730.0,64.0,455.0,57.0,75.0,90.0,89.0,86.0,Urban,2026-07-01,2026-09-30
1600,1253,71,352.0,62.0,416.0,66.0,146.0,95.0,,,Kreuzberg,2026-07-01,2026-09-30
1700,617,70,,,446.0,70.0,104.0,107.0,,,Tiergarten,2026-07-01,2026-09-30
2100,916,70,750.0,61.0,336.0,66.0,90.0,80.0,,,Schillerpark,2026-07-01,2026-09-30
2200,1113,74,740.0,83.0,349.0,87.0,60.0,110.0,235.0,103.0,Wittenau,2026-07-01,2026-09-30
2300,634,65,,,191.0,61.0,,,,,Hermsdorf,2026-07-01,2026-09-30
2320,193,85,,,,,,,,,Frohnau,2026-07-01,2026-09-30
2400,771,61,,,295.0,77.0,59.0,112.0,,,Tegel,2026-07-01,2026-09-30
2402,172,102,,,,,,,,,Konradshöhe,2026-07-01,2026-09-30
2500,1227,66,,,844.0,68.0,,,,,Wedding,2026-07-01,2026-09-30
2600,792,102,580.0,76.0,283.0,99.0,23.0,147.0,216.0,101.0,Pankow,2026-07-01,2026-09-30
2604,260,61,,,,,,,,,Pankow Mitte,2026-07-01,2026-09-30
2630,323,78,,,,,,,,,Blankenfelde,2026-07-01,2026-09-30
2640,425,110,,,,,,,,,Wilhelmsruh,2026-07-01,2026-09-30
2704,249,72,,,,,,,,,Buch,2026-07-01,2026-09-30
2720,295,82,,,,,,,,,Karow,2026-07-01,2026-09-30
3100,877,69,642.0,74.0,485.0,86.0,83.0,105.0,162.0,102.0,Spandau-Nord,2026-07-01,2026-09-30
3103,191,79,,,,,,,,,Lynar,2026-07-01,2026-09-30
3104,265,72,,,,,,,,,Falkenhagener Feld,2026-07-01,2026-09-30
3110,348,84,,,,,,,,,Staaken,2026-07-01,2026-09-30
3200,1022,69,269.0,73.0,445.0,68.0,69.0,113.0,,,Spandau-Süd,2026-07-01,2026-09-30
3220,188,95,,,,,,,,,Kladow,2026-07-01,2026-09-30
3300,1148,71,813.0,56.0,692.0,81.0,154.0,109.0,422.0,84.0,Suarez,2026-07-01,2026-09-30
3304,360,102,,,,,,,,,Westend,2026-07-01,2026-09-30
3400,1007,67,,,445.0,58.0,,,,,Wilmersdorf,2026-07-01,2026-09-30
3404,171,109,,,,,,,,,Schmargendorf,2026-07-01,2026-09-30
3490,247,82,,,,,,,,,Friedenau,2026-07-01,2026-09-30
3500,883,87,,,477.0,83.0,136.0,117.0,299.0,118.0,Ranke,2026-07-01,2026-09-30
3503,161,109,,,,,,,,,Budapester,2026-07-01,2026-09-30
3504,353,63,,,,,,,,,Tiergarten-Süd,2026-07-01,2026-09-30
3600,521,65,652.0,61.0,310.0,63.0,99.0,90.0,56.0,73.0,Charlottenburg-Nord,2026-07-01,2026-09-30
3690,112,44,,,125.0,41.0,,,,,Siemensstadt,2026-07-01,2026-09-30
4100,800,88,525.0,105.0,308.0,90.0,68.0,113.0,136.0,102.0,Zehlendorf,2026-07-01,2026-09-30
4200,825,94,,,376.0,67.0,75.0,81.0,,,Steglitz,2026-07-01,2026-09-30
4300,813,64,268.0,74.0,395.0,87.0,60.0,103.0,454.0,102.0,Tempelhof,2026-07-01,2026-09-30
4390,499,69,97.0,103.0,,,,,,,Mariendorf,2026-07-01,2026-09-30
4400,962,68,776.0,70.0,406.0,81.0,130.0,114.0,,,Schöneberg,2026-07-01,2026-09-30
4500,450,78,,,113.0,94.0,,,,,Wannsee,2026-07-01,2026-09-30
4600,734,52,,,314.0,68.0,40.0,138.0,,,Lichterfelde,2026-07-01,2026-09-30
4604,434,87,,,,,,,,,Lankwitz,2026-07-01,2026-09-30
4700,731,76,602.0,72.0,358.0,85.0,35.0,113.0,,,Marienfelde,2026-07-01,2026-09-30
4710,433,64,,,,,,,,,Lichtenrade,2026-07-01,2026-09-30
4790,322,81,,,,,,,,,Marienfelde-Süd,2026-07-01,2026-09-30
5100,1512,78,741.0,73.0,545.0,85.0,136.0,106.0,,,Neukölln,2026-07-01,2026-09-30
5200,1089,77,650.0,67.0,566.0,75.0,34.0,116.0,,,Buckow,2026-07-01,2026-09-30
5210,333,92,,,,,,,,,Rudow,2026-07-01,2026-09-30
5300,1010,79,608.0,84.0,463.0,67.0,101.0,92.0,218.0,70.0,Treptow,2026-07-01,2026-09-30
5304,314,76,,,,,,,,,Bohnsdorf,2026-07-01,2026-09-30
5330,255,89,,,,,,,,,Altglienicke,2026-07-01,2026-09-30
5390,174,70,,,,,,,,,Adlershof,2026-07-01,2026-09-30
5400,1118,80,540.0,82.0,389.0,90.0,59.0,104.0,,,Köpenick,2026-07-01,2026-09-30
5404,234,95,,,,,,,,,Salvador-Allende,2026-07-01,2026-09-30
5410,251,62,,,,,,,,,Friedrichshagen,2026-07-01,2026-09-30
5490,165,81,,,,,,,,,Rahnsdorf,2026-07-01,2026-09-30
6100,1612,95,584.0,81.0,580.0,77.0,149.0,95.0,260.0,100.0,Marzahn,2026-07-01,2026-09-30
6110,77,123,,,,,,,,,Marzahn,2026-07-01,2026-09-30
6120,121,111,,,,,,,,,Biesdorf,2026-07-01,2026-09-30
6200,1330,80,530.0,82.0,311.0,84.0,11.0,90.0,,,Hellersdorf,2026-07-01,2026-09-30
6204,269,87,,,,,,,,,Kaulsdorf,2026-07-01,2026-09-30
6300,929,74,477.0,63.0,388.0,79.0,91.0,104.0,,,Weißensee,2026-07-01,2026-09-30
6310,258,95,,,,,,,,,Hohenschönhausen,2026-07-01,2026-09-30
6320,350,122,,,,,,,,,Falkenberg,2026-07-01,2026-09-30
6330,309,120,,,,,,,,,Wartenberg,2026-07-01,2026-09-30
6400,1543,71,673.0,89.0,456.0,81.0,65.0,112.0,,,Lichtenberg,2026-07-01,2026-09-30
6490,346,71,,,,,,,,,Rummelsburg,2026-07-01,2026-09-30
6500,463,75,,,,,,,,,Karlshorst,2026-07-01,2026-09-30
6600,820,107,495.0,109.0,333.0,108.0,31.0,111.0,,,Hohenschönhausen,2026-07-01,2026-09-30
