,wache_nummer,anzahl_alarmierungen_RTW,mittlere_ausrueckedauer_RTW,anzahl_alarmierungen_NEF,mittlere_ausrueckedauer_NEF,anzahl_alarmierungen_LHF,mittlere_ausrueckedauer_LHF,anzahl_alarmierungen_DLK,mittlere_ausrueckedauer_DLK,anzahl_alarmierungen_ELW,mittlere_ausrueckedauer_ELW,wache_name,start_date,end_date
0,1100,410,62,254.0,58.0,209.0,62.0,,,,,Mitte,2026-09-09,2026-10-09
1,1200,500,85,257.0,60.0,165.0,81.0,93.0,81.0,183.0,57.0,Friedrichshain,2026-09-09,2026-10-09
2,1204,186,64,,,,,,,,,Am Friedrichshain,2026-09-09,2026-10-09
3,1300,373,90,,,204.0,78.0,68.0,107.0,,,Prenzlauer Berg,2026-09-09,2026-10-09
4,1310,131,110,,,,,,,,,Schieritz/Prenzlauer Berg,2026-09-09,2026-10-09
5,1400,33,46,,,,,,,,,Moabit,2026-09-09,2026-10-09
6,1500,473,66,249.0,62.0,153.0,58.0,47.0,84.0,30.0,76.0,Urban,2026-09-09,2026-10-09
7,1600,459,77,123.0,66.0,165.0,67.0,28.0,92.0,,,Kreuzberg,2026-09-09,2026-10-09
8,1700,201,56,,,182.0,68.0,49.0,93.0,,,Tiergarten,2026-09-09,2026-10-09
9,2100,338,66,280.0,60.0,128.0,70.0,30.0,82.0,,,Schillerpark,2026-09-09,2026-10-09
10,2200,401,72,282.0,85.0,124.0,94.0,26.0,116.0,75.0,113.0,Wittenau,2026-09-09,2026-10-09
11,2300,240,65,,,65.0,72.0,,,,,Hermsdorf,2026-09-09,2026-10-09
12,2320,60,76,,,,,,,,,Frohnau,2026-09-09,2026-10-09
13,2400,270,60,,,99.0,79.0,16.0,124.0,,,Tegel,2026-09-09,2026-10-09
14,2402,68,105,,,,,,,,,Konradshöhe,2026-09-09,2026-10-09
15,2500,387,55,,,330.0,71.0,,,,,Wedding,2026-09-09,2026-10-09
16,2600,309,116,198.0,93.0,97.0,116.0,9.0,156.0,91.0,105.0,Pankow,2026-09-09,2026-10-09
17,2604,99,67,,,,,,,,,Pankow Mitte,2026-09-09,2026-10-09
18,2630,99,85,,,,,,,,,Blankenfelde,2026-09-09,2026-10-09
19,2640,169,113,,,,,,,,,Wilhelmsruh,2026-09-09,2026-10-09
20,2704,74,65,,,,,,,,,Buch,2026-09-09,2026-10-09
21,2720,90,87,,,,,,,,,Karow,2026-09-09,2026-10-09
22,3100,242,72,229.0,67.0,176.0,95.0,23.0,77.0,52.0,116.0,Spandau-Nord,2026-09-09,2026-10-09
23,3103,61,66,,,,,,,,,Lynar,2026-09-09,2026-10-09
24,3104,91,70,,,,,,,,,Falkenhagener Feld,2026-09-09,2026-10-09
25,3110,117,82,,,,,,,,,Staaken,2026-09-09,2026-10-09
26,3200,389,76,96.0,75.0,141.0,67.0,22.0,105.0,,,Spandau-Süd,2026-09-09,2026-10-09
27,3220,64,90,,,,,,,,,Kladow,2026-09-09,2026-10-09
28,3300,430,71,301.0,60.0,316.0,90.0,71.0,111.0,159.0,90.0,Suarez,2026-09-09,2026-10-09
29,3304,145,117,,,,,,,,,Westend,2026-09-09,2026-10-09
30,3400,383,69,,,155.0,60.0,,,,,Wilmersdorf,2026-09-09,2026-10-09
31,3490,95,85,,,,,,,,,Friedenau,2026-09-09,2026-10-09
32,3500,331,90,,,168.0,76.0,42.0,117.0,99.0,104.0,Ranke,2026-09-09,2026-10-09
33,3503,57,93,,,,,,,,,Budapester,2026-09-09,2026-10-09
34,3504,130,70,,,,,,,,,Tiergarten-Süd,2026-09-09,2026-10-09
35,3600,192,66,255.0,62.0,101.0,65.0,29.0,90.0,18.0,60.0,Charlottenburg-Nord,2026-09-09,2026-10-09
36,3690,80,45,,,55.0,42.0,,,,,Siemensstadt,2026-09-09,2026-10-09
37,4100,300,90,185.0,101.0,105.0,93.0,19.0,108.0,45.0,93.0,Zehlendorf,2026-09-09,2026-10-09
38,4200,331,87,,,115.0,66.0,16.0,84.0,,,Steglitz,2026-09-09,2026-10-09
39,4300,302,67,97.0,80.0,144.0,86.0,25.0,116.0,171.0,97.0,Tempelhof,2026-09-09,2026-10-09
40,4390,174,68,55.0,108.0,,,,,,,Mariendorf,2026-09-09,2026-10-09
41,4400,338,71,287.0,69.0,125.0,90.0,18.0,115.0,,,Schöneberg,2026-09-09,2026-10-09
42,4500,181,76,,,28.0,108.0,,,,,Wannsee,2026-09-09,2026-10-09
43,4600,235,47,,,108.0,57.0,19.0,145.0,,,Lichterfelde,2026-09-09,2026-10-09
44,4604,154,94,,,,,,,,,Lankwitz,2026-09-09,2026-10-09
45,4700,280,76,215.0,72.0,139.0,101.0,9.0,118.0,,,Marienfelde,2026-09-09,2026-10-09
46,4710,152,67,,,,,,,,,Lichtenrade,2026-09-09,2026-10-09
47,4790,117,81,,,,,,,,,Marienfelde-Süd,2026-09-09,2026-10-09
48,5100,522,87,266.0,87.0,200.0,98.0,42.0,146.0,,,Neukölln,2026-09-09,2026-10-09
49,5200,363,76,232.0,68.0,209.0,73.0,15.0,127.0,,,Buckow,2026-09-09,2026-10-09
50,5210,148,88,,,,,,,,,Rudow,2026-09-09,2026-10-09
51,5300,377,78,238.0,87.0,147.0,69.0,36.0,86.0,79.0,71.0,Treptow,2026-09-09,2026-10-09
52,5304,105,69,,,,,,,,,Bohnsdorf,2026-09-09,2026-10-09
53,5330,93,91,,,,,,,,,Altglienicke,2026-09-09,2026-10-09
54,5390,52,59,,,,,,,,,Adlershof,2026-09-09,2026-10-09
55,5400,410,85,202.0,88.0,138.0,90.0,16.0,84.0,,,Köpenick,2026-09-09,2026-10-09
56,5404,86,96,,,,,,,,,Salvador-Allende,2026-09-09,2026-10-09
57,5410,73,52,,,,,,,,,Friedrichshagen,2026-09-09,2026-10-09
58,5490,79,82,,,,,,,,,Rahnsdorf,2026-09-09,2026-10-09
59,6100,562,101,218.0,74.0,198.0,80.0,46.0,87.0,89.0,108.0,Marzahn,2026-09-09,2026-10-09
60,6110,59,117,,,,,,,,,Marzahn,2026-09-09,2026-10-09
61,6120,49,106,,,,,,,,,Biesdorf,2026-09-09,2026-10-09
62,6200,477,77,212.0,84.0,101.0,88.0,5.0,80.0,,,Hellersdorf,2026-09-09,2026-10-09
63,6204,109,88,,,,,,,,,Kaulsdorf,2026-09-09,2026-10-09
64,6300,334,76,179.0,62.0,146.0,82.0,39.0,86.0,,,Weißensee,2026-09-09,2026-10-09
65,6310,79,95,,,,,,,,,Hohenschönhausen,2026-09-09,2026-10-09
66,6320,121,116,,,,,,,,,Falkenberg,2026-09-09,2026-10-09
67,6330,116,125,,,,,,,,,Wartenberg,2026-09-09,2026-10-09
68,6400,552,69,232.0,87.0,169.0,76.0,15.0,119.0,,,Lichtenberg,2026-09-09,2026-10-09
69,6490,89,71,,,,,,,,,Rummelsburg,2026-09-09,2026-10-09
70,6500,171,74,,,,,,,,,Karlshorst,2026-09-09,2026-10-09
71,6600,301,103,179.0,114.0,132.0,97.0,13.0,147.0,,,Hohenschönhausen,2026-09-09,2026-10-09
