calls_received_day,call_count,answer_time_mean,answer_time_median,answer_time_std,call_count_not_answered,call_count_112,answer_time_mean_112,answer_time_median_112,answer_time_std_112,call_count_112_not_answered,call_count_112_answered_within_10_seconds,call_count_112_answered_after_60_seconds
2024-01-01,3958,42.62,16.03,57.07,2151,3710,44.13,17.16,57.66,2129,1438,918
2024-01-02,2705,11.2,4.5,17.61,562,2509,11.11,4.36,17.65,537,1803,75
2024-01-03,2457,25.27,9.43,35.46,822,2266,25.81,9.33,35.93,803,1175,322
2024-01-04,2369,18.32,9.1,23.09,749,2174,18.22,9.09,22.59,738,1139,129
2024-01-05,2421,21.94,11.98,25.88,793,2208,21.49,11.81,25.01,778,1005,180
2024-01-06,2136,29.45,16.81,33.67,781,2003,29.68,17.23,33.09,774,740,312
2024-01-07,2228,16.92,5.65,27.17,600,2096,16.84,5.41,27.21,591,1316,152
2024-01-08,2449,22.93,10.84,29.1,715,2282,22.77,10.41,28.79,702,1123,232
2024-01-09,2251,22.29,12.08,26.75,767,2067,22.65,12.36,26.81,752,944,196
2024-01-10,2564,14.02,4.98,23.17,586,2358,13.49,4.76,22.68,567,1596,108
2024-01-11,2783,22.84,10.54,30.57,999,2592,23.13,10.6,31.08,991,1268,261
2024-01-12,2696,28.67,15.33,33.73,1081,2508,29.22,15.76,34.22,1073,979,373
2024-01-13,2379,30.36,16.71,34.54,854,2195,31.44,17.68,35.32,846,815,391
2024-01-14,2225,24.04,12.95,30.8,764,2075,23.74,12.95,30.35,749,890,196
2024-01-15,2536,21.7,9.06,28.94,761,2355,21.4,8.81,28.26,742,1243,245
2024-01-16,2353,28.25,15.72,32.98,930,2177,28.65,16.2,33.23,912,866,342
2024-01-17,2510,26.31,11.55,33.93,795,2331,26.48,11.5,34.13,777,1085,314
2024-01-18,2496,13.9,6.08,19.49,692,2319,13.39,5.69,18.6,679,1480,89
2024-01-19,2396,22.14,12.28,26.67,860,2208,21.75,12.18,23.69,840,985,179
2024-01-20,2467,25.9,12.68,31.41,881,2317,26.42,13.23,31.84,869,1005,311
2024-01-21,2393,28.83,13.96,36.52,883,2230,29.54,14.68,37.08,868,936,351
2024-01-22,2291,40.57,24.7,44.84,1120,2082,41.14,26.24,44.28,1091,623,529
2024-01-23,2566,22.71,9.26,31.17,1024,2378,22.46,8.88,30.73,1004,1246,256
2024-01-24,2441,46.21,26.75,50.14,1278,2227,48.17,28.97,51.3,1254,585,676
2024-01-25,2473,24.14,11.61,33.95,964,2261,23.81,11.87,31.94,947,1025,226
2024-01-26,2517,16.54,7.4,25.19,747,2322,15.85,7.28,23.07,735,1374,123
2024-01-27,2386,35.58,19.12,38.97,1038,2207,36.73,20.41,39.6,1022,789,513
2024-01-28,2406,25.97,11.73,34.54,744,2237,26.59,12.0,35.23,737,1007,307
2024-01-29,2483,26.35,13.6,33.34,915,2292,26.45,14.56,30.99,901,974,309
2024-01-30,2264,43.08,25.01,50.14,1113,2094,44.9,27.18,51.29,1104,632,542
2024-01-31,2401,32.75,19.8,36.63,1048,2207,33.69,21.07,36.99,1034,702,398
2024-02-01,2375,39.84,20.36,51.41,1167,2211,41.26,21.79,52.5,1155,704,500
2024-02-02,2455,26.73,13.3,32.12,929,2276,26.94,13.72,31.63,913,914,301
2024-02-03,2597,23.73,11.76,31.12,844,2438,23.91,11.9,31.33,829,1109,241
2024-02-04,2260,30.26,14.07,37.6,789,2114,31.35,15.11,38.4,786,871,367
2024-02-05,2376,30.31,15.36,37.8,980,2193,31.09,16.06,38.37,963,872,365
2024-02-06,2408,26.09,12.41,34.76,928,2239,26.17,12.66,34.73,916,997,287
2024-02-07,2190,37.74,19.13,48.7,1101,2025,38.56,19.92,49.51,1068,737,434
2024-02-08,2382,22.0,8.14,33.31,677,2192,21.69,7.99,31.19,657,1215,225
2024-02-09,2390,27.27,14.02,34.43,930,2194,27.37,14.38,34.06,922,920,306
2024-02-10,2453,27.68,16.74,29.76,864,2269,27.76,16.94,29.58,856,806,324
2024-02-11,2328,20.94,10.22,28.0,717,2166,21.01,10.36,28.02,710,1058,184
2024-02-12,2695,18.28,9.05,24.58,711,2495,17.81,8.91,23.66,684,1332,161
2024-02-13,2400,14.62,7.81,18.35,718,2223,14.48,7.67,18.24,706,1291,82
2024-02-14,2455,17.3,8.65,25.49,658,2287,16.36,8.17,22.35,644,1253,108
2024-02-15,2429,26.86,13.78,33.44,916,2268,26.68,13.58,33.45,900,968,307
2024-02-16,2574,19.96,8.52,29.42,776,2375,19.79,8.51,29.19,761,1264,191
2024-02-17,2365,39.92,18.35,59.75,1261,2202,41.21,18.93,61.34,1249,728,435
2024-02-18,2252,25.72,12.97,33.31,833,2121,25.49,12.98,32.45,827,934,259
2024-02-19,2335,25.32,12.37,31.85,790,2162,25.99,12.86,32.23,779,936,269
2024-02-20,2324,29.71,15.1,35.81,968,2135,30.38,16.05,36.0,960,828,340
2024-02-21,2201,31.76,18.31,35.22,1125,2059,32.65,19.22,35.71,1115,725,389
2024-02-22,2317,49.36,26.86,56.55,1192,2166,49.95,27.39,56.56,1177,628,666
2024-02-23,2167,37.27,24.1,38.5,1044,1990,38.35,26.11,38.79,1032,581,461
2024-02-24,2278,23.87,10.87,29.95,725,2127,24.15,10.93,30.17,721,1002,249
2024-02-25,2239,23.73,11.13,35.38,680,2122,23.98,11.13,35.84,672,1001,199
2024-02-26,2392,20.43,8.82,26.33,764,2200,20.23,8.8,25.52,757,1155,197
2024-02-27,2291,17.98,8.05,23.77,699,2120,17.72,7.94,23.28,684,1158,134
2024-02-28,2239,25.27,11.42,32.05,746,2096,25.82,11.84,32.46,724,967,278
2024-02-29,2249,36.54,22.58,38.2,1023,2095,37.7,23.91,38.62,1002,653,477
2024-03-01,2455,24.88,15.29,27.66,866,2286,25.07,15.66,27.19,848,896,233
2024-03-02,2425,30.62,18.33,33.03,1064,2269,31.68,19.52,33.34,1057,759,375
2024-03-03,2365,21.09,8.94,28.76,698,2232,21.39,8.98,29.2,686,1172,226
2024-03-04,2601,17.19,7.6,24.11,672,2439,17.14,7.26,24.26,660,1395,139
2024-03-05,2276,28.0,16.04,32.37,876,2058,28.06,16.67,31.27,870,829,299
2024-03-06,2534,15.57,6.66,22.28,591,2341,14.9,6.47,20.47,580,1426,114
2024-03-07,2429,42.49,21.6,49.55,1088,2226,44.07,23.75,50.41,1074,750,610
2024-03-08,2201,23.04,12.94,26.14,719,2062,23.35,13.56,26.28,706,878,198
2024-03-09,2173,28.64,16.64,31.45,844,2033,29.32,17.31,31.91,832,766,297
2024-03-10,2040,29.02,17.57,32.49,763,1895,29.52,18.4,31.89,748,642,275
2024-03-11,2479,20.57,8.99,26.77,751,2335,20.69,9.06,26.66,732,1223,220
2024-03-12,2585,16.58,6.71,24.36,660,2434,15.97,6.55,22.66,646,1468,138
2024-03-13,2328,31.33,17.14,35.48,828,2169,32.2,17.86,36.1,808,837,419
2024-03-14,2402,17.44,7.72,25.76,724,2228,17.5,7.63,25.99,709,1277,148
2024-03-15,2391,31.99,18.03,35.04,959,2212,32.69,19.3,34.72,944,787,446
2024-03-16,2112,35.32,18.17,42.61,950,1969,36.63,19.59,43.51,942,671,402
2024-03-17,2039,20.68,12.4,23.35,651,1914,21.0,12.6,23.7,645,832,130
2024-03-18,2262,24.89,13.55,30.01,788,2109,24.99,13.91,29.37,777,913,244
2024-03-19,2254,21.59,9.82,28.02,664,2103,21.82,10.15,28.18,656,1045,208
2024-03-20,2308,31.62,12.16,44.64,823,2154,32.26,12.14,45.65,812,1002,392
2024-03-21,2236,23.22,10.78,29.04,716,2085,23.06,10.71,28.48,707,1008,227
2024-03-22,2306,20.81,7.69,30.83,696,2149,20.68,7.56,30.9,689,1196,192
2024-03-23,2214,24.05,12.25,30.66,804,2038,24.43,13.1,29.75,795,884,239
2024-03-24,2104,18.27,9.99,21.92,544,1982,18.41,10.12,21.65,539,982,111
2024-03-25,2092,40.6,22.49,47.1,958,1937,42.09,23.77,47.95,939,554,470
2024-03-26,2301,27.99,15.56,33.16,903,2122,28.52,16.12,33.35,892,828,304
2024-03-27,2330,25.35,11.28,34.5,797,2145,25.2,11.09,34.46,779,1026,262
2024-03-28,2296,27.56,15.12,33.3,777,2135,27.44,15.25,32.24,743,871,308
2024-03-29,2124,18.22,7.47,25.87,685,1970,17.66,7.18,25.01,668,1113,133
2024-03-30,2483,32.01,15.15,39.98,892,2324,32.49,15.94,40.25,885,920,429
2024-03-31,2029,32.58,18.63,37.17,815,1888,33.33,19.84,37.48,808,640,325
2024-04-01,2182,18.03,9.62,22.96,601,2060,17.99,9.43,23.05,594,1063,123
2024-04-02,2288,29.29,11.4,40.0,810,2096,29.95,11.37,40.26,804,983,371
2024-04-03,2104,28.34,11.95,36.23,728,1952,29.02,12.12,36.91,718,903,331
2024-04-04,2364,22.74,10.88,30.34,823,2193,23.01,10.97,30.83,814,1034,224
2024-04-05,2378,25.51,12.58,33.13,786,2178,25.63,12.71,33.01,763,965,260
2024-04-06,2663,26.01,13.13,32.22,945,2460,26.51,13.68,32.36,931,1056,318
2024-04-07,2590,26.17,9.54,38.88,825,2412,26.42,9.59,39.46,803,1233,335
2024-04-08,2551,31.66,16.36,37.29,1042,2386,32.47,16.85,38.06,1028,923,452
2024-04-09,2632,15.16,7.18,21.09,727,2404,14.8,7.08,19.78,710,1436,106
2024-04-10,2635,13.47,5.43,18.7,676,2477,12.86,5.08,17.34,657,1615,80
2024-04-11,2549,14.72,6.55,20.13,631,2384,14.14,6.34,18.82,605,1466,81
2024-04-12,2799,14.8,5.92,21.5,684,2617,14.73,5.75,21.43,673,1661,142
2024-04-13,2631,17.69,7.12,24.29,712,2481,17.12,6.59,23.74,695,1439,165
2024-04-14,2521,12.23,4.12,21.47,630,2375,11.9,3.83,21.45,623,1721,93
2024-04-15,2693,10.21,4.12,15.55,500,2516,9.96,3.94,14.58,491,1813,56
2024-04-16,2383,10.3,4.67,15.28,460,2224,9.83,4.32,13.68,445,1605,36
2024-04-17,2338,15.09,5.1,23.88,623,2188,14.97,4.79,23.9,615,1450,142
2024-04-18,2539,13.89,6.0,19.88,573,2341,13.21,5.63,18.44,554,1489,88
2024-04-19,2276,18.68,8.89,23.83,667,2100,18.81,8.6,24.29,659,1123,147
2024-04-20,2299,21.29,10.53,27.12,673,2134,21.07,10.64,25.82,659,1041,183
2024-04-21,2302,14.93,6.09,20.95,602,2142,15.03,5.89,21.04,595,1316,101
2024-04-22,2164,22.06,9.54,28.93,740,2027,22.13,9.22,29.07,730,1044,214
2024-04-23,2412,13.07,4.74,19.15,527,2260,12.78,4.4,18.88,516,1487,84
2024-04-24,2424,16.6,6.62,25.1,611,2253,16.34,6.4,24.02,602,1348,133
2024-04-25,2474,28.62,13.78,35.18,813,2313,28.9,14.18,35.14,795,1014,376
2024-04-26,2497,22.97,10.46,31.52,745,2302,22.24,9.92,28.65,725,1153,238
2024-04-27,2475,25.45,14.93,30.51,915,2297,25.38,15.16,29.13,897,921,240
2024-04-28,2572,21.35,7.94,31.93,707,2413,21.47,7.8,32.3,698,1344,251
2024-04-29,2640,28.96,12.03,38.77,838,2449,28.65,12.0,37.32,816,1130,403
2024-04-30,2891,19.63,7.51,27.75,841,2682,18.5,6.88,25.39,813,1533,212
2024-05-01,3019,14.89,4.64,23.36,616,2838,14.44,4.41,22.52,609,1865,151
2024-05-02,2911,23.5,10.76,30.37,994,2698,23.27,10.89,29.07,975,1293,295
2024-05-03,2907,21.06,10.31,25.46,888,2721,21.11,10.31,25.4,874,1344,257
2024-05-04,2556,28.86,14.46,35.39,1055,2375,28.97,14.77,35.06,1042,949,361
2024-05-05,2189,23.08,9.92,31.0,753,2034,23.35,10.08,30.39,738,1014,249
2024-05-06,2607,16.4,6.11,22.47,750,2434,16.36,5.91,22.4,736,1480,154
2024-05-07,2375,21.52,8.48,30.26,726,2188,20.98,8.18,29.19,705,1190,224
2024-05-08,2559,16.98,6.83,24.11,740,2390,16.82,7.01,23.02,726,1385,150
2024-05-09,2404,14.36,5.09,21.21,566,2259,14.33,5.06,21.18,558,1434,109
2024-05-10,2589,26.05,14.07,30.83,838,2387,26.62,14.71,31.4,824,1011,320
2024-05-11,2416,23.56,6.53,41.69,810,2254,23.77,6.33,42.38,798,1319,254
2024-05-12,2500,28.57,13.76,35.51,806,2350,28.8,14.27,35.19,794,967,361
2024-05-13,2687,36.99,17.36,46.78,1234,2504,38.34,19.66,46.87,1214,925,561
2024-05-14,2719,29.81,10.78,41.96,892,2520,30.44,11.1,42.42,883,1218,432
2024-05-15,2827,27.19,13.49,33.89,955,2658,27.23,13.47,33.88,939,1160,379
2024-05-16,2835,20.03,10.17,23.96,930,2629,19.88,10.29,23.02,908,1297,192
2024-05-17,2957,17.78,6.93,26.65,923,2716,16.84,6.5,24.3,901,1611,171
2024-05-18,2500,25.58,11.95,32.15,932,2331,26.09,12.64,32.38,920,1056,317
2024-05-19,2614,13.99,6.39,19.18,672,2451,13.88,6.33,18.9,664,1553,98
2024-05-20,2307,19.64,8.59,25.68,653,2170,19.79,8.53,26.0,644,1160,191
2024-05-21,2870,23.0,12.57,27.01,1013,2654,23.46,13.23,27.23,986,1140,266
2024-05-22,2787,13.13,5.17,19.07,624,2618,13.08,4.96,19.22,611,1724,96
2024-05-23,2804,23.06,10.4,31.95,883,2599,22.71,10.48,31.07,866,1274,265
2024-05-24,2715,25.55,12.39,32.67,1053,2545,25.98,12.94,32.93,1042,1139,310
2024-05-25,2822,17.49,7.55,24.33,740,2628,17.5,7.52,24.04,730,1496,172
2024-05-26,2478,25.07,11.92,32.06,826,2319,25.74,12.36,32.56,817,1029,296
2024-05-27,2604,23.85,12.57,27.5,903,2423,24.27,13.3,27.6,890,1047,272
2024-05-28,2440,14.33,5.79,21.69,638,2270,14.21,5.66,20.97,620,1450,108
2024-05-29,2383,23.73,12.42,28.4,813,2210,23.6,12.25,28.37,804,1002,214
2024-05-30,2552,18.79,7.29,26.77,759,2337,18.45,7.13,26.27,730,1342,176
2024-05-31,2677,25.15,11.45,33.23,913,2485,24.83,11.37,32.27,890,1174,318
2024-06-01,2593,34.65,18.95,40.23,1101,2409,35.16,20.15,39.13,1083,842,506
2024-06-02,2609,20.17,8.75,28.89,713,2459,20.03,8.74,28.59,702,1314,215
2024-06-03,2383,38.16,13.26,52.45,934,2202,39.46,14.31,53.59,918,984,513
2024-06-04,2541,25.71,12.72,31.52,758,2377,26.29,13.13,31.88,741,1064,310
2024-06-05,2404,24.64,12.95,30.95,825,2244,24.88,13.59,30.49,808,937,233
2024-06-06,2328,31.92,18.16,36.35,941,2128,33.23,19.74,37.08,928,733,361
2024-06-07,2479,25.59,10.53,36.07,867,2293,26.45,11.03,36.82,857,1100,296
2024-06-08,2430,49.96,32.61,50.19,1312,2254,51.94,35.96,50.54,1287,533,784
2024-06-09,2542,20.63,7.03,30.83,742,2360,20.91,7.17,31.13,730,1343,237
2024-06-10,2593,13.88,4.46,23.25,559,2435,13.67,4.34,23.06,551,1613,98
2024-06-11,2596,18.14,7.95,24.3,769,2402,17.95,7.89,23.86,758,1330,182
2024-06-12,2556,10.54,4.66,13.73,584,2380,10.48,4.56,13.54,580,1617,35
2024-06-13,2328,33.98,18.06,41.51,876,2144,34.84,18.6,42.25,864,756,398
2024-06-14,2374,23.23,12.22,26.65,850,2203,23.55,12.61,26.74,837,982,235
2024-06-15,2776,12.72,4.52,19.75,587,2601,12.49,4.32,19.33,579,1787,90
2024-06-16,2526,16.38,6.05,24.59,619,2375,16.0,5.9,22.75,602,1442,139
2024-06-17,2711,17.28,8.08,22.48,800,2527,17.02,8.1,21.74,784,1381,131
2024-06-18,2895,15.4,4.71,24.63,630,2701,15.0,4.59,23.13,626,1763,173
2024-06-19,2462,13.95,6.33,20.24,579,2302,13.57,5.99,19.52,565,1463,81
2024-06-20,2897,21.66,11.1,25.98,901,2702,22.27,11.64,26.28,881,1257,245
2024-06-21,3114,14.36,5.65,21.41,659,2876,13.89,5.43,20.5,650,1839,139
2024-06-22,2541,35.01,19.31,39.73,996,2364,36.26,20.71,40.53,981,789,516
2024-06-23,2449,22.76,9.82,30.65,781,2294,22.83,9.41,31.09,772,1173,240
2024-06-24,2671,24.54,10.49,34.14,867,2504,24.53,10.41,34.27,857,1226,298
2024-06-25,2884,21.66,7.91,33.5,873,2708,22.0,8.22,33.61,863,1462,274
2024-06-26,2977,19.49,9.37,25.28,824,2801,19.17,9.43,24.21,810,1435,190
2024-06-27,2974,34.09,18.06,39.47,1234,2798,34.85,19.1,39.9,1210,986,558
2024-06-28,3099,29.85,16.12,34.02,1154,2863,30.54,17.23,34.34,1140,1109,485
2024-06-29,3081,19.94,9.69,25.7,820,2898,20.09,10.13,25.1,814,1446,210
2024-06-30,2501,34.12,19.69,38.64,1040,2306,35.3,20.86,39.34,1032,728,432
2024-07-01,2583,18.17,8.15,24.58,758,2417,18.1,8.18,24.21,744,1317,158
2024-07-02,2488,22.07,11.43,26.05,778,2317,22.37,11.87,26.35,768,1074,230
2024-07-03,2393,20.44,9.66,26.64,755,2232,20.69,9.8,26.91,748,1129,192
2024-07-04,2650,16.71,7.74,21.85,714,2474,16.78,7.77,21.94,706,1405,140
2024-07-05,2617,23.53,10.39,32.36,839,2457,23.79,10.49,32.36,816,1201,269
2024-07-06,3103,19.62,9.43,25.43,812,2939,19.94,9.59,25.76,801,1501,217
2024-07-07,2320,37.27,20.85,42.61,946,2177,38.6,22.34,43.14,937,663,471
2024-07-08,2577,28.1,16.22,31.12,1008,2405,28.74,17.33,30.83,990,887,345
2024-07-09,3019,20.76,8.66,28.19,843,2827,20.92,8.84,28.12,835,1496,272
2024-07-10,3117,23.78,10.87,33.53,932,2933,23.72,10.92,33.19,909,1424,302
2024-07-11,2786,25.81,14.72,28.69,1038,2601,26.37,15.49,28.74,1028,1025,323
2024-07-12,2897,17.41,7.62,23.64,784,2731,17.35,7.75,23.06,780,1532,166
2024-07-13,2621,25.22,13.02,31.76,872,2478,25.48,13.19,31.91,868,1076,292
2024-07-14,2739,12.97,5.69,18.23,636,2582,13.06,5.69,18.34,631,1672,83
2024-07-15,2787,42.57,21.89,48.67,1348,2581,44.33,23.6,49.56,1328,762,699
2024-07-16,2499,30.8,19.11,32.42,1122,2341,30.96,19.95,32.03,1102,775,374
2024-07-17,2785,25.27,10.72,35.09,882,2573,25.56,11.09,35.12,860,1232,316
2024-07-18,2638,31.77,12.13,43.91,1066,2448,31.81,12.12,43.5,1045,1129,443
2024-07-19,2499,37.83,24.71,39.85,1219,2321,39.13,26.18,39.95,1207,727,585
2024-07-20,2807,19.94,8.63,27.16,745,2627,20.27,8.83,27.57,734,1389,224
2024-07-21,2435,40.81,22.01,45.48,1037,2247,42.57,25.33,46.2,1022,726,631
2024-07-22,2349,29.96,16.02,35.49,928,2197,30.38,16.4,35.59,919,869,363
2024-07-23,2436,23.35,12.11,28.96,777,2254,22.59,11.96,26.86,761,1019,219
2024-07-24,2452,26.75,13.72,31.92,1008,2258,27.47,14.4,32.49,1000,947,310
2024-07-25,2587,24.5,8.98,32.85,805,2367,25.05,9.15,33.36,788,1225,308
2024-07-26,2488,19.33,7.55,28.52,643,2309,18.64,7.29,27.06,630,1344,179
2024-07-27,2913,15.54,6.16,21.16,665,2751,15.13,6.08,20.3,649,1677,122
2024-07-28,2356,12.53,4.46,19.83,470,2198,12.47,4.35,19.78,462,1524,79
2024-07-29,2354,27.71,13.38,34.7,815,2198,27.62,13.44,34.33,804,971,315
2024-07-30,2396,25.72,9.91,36.26,844,2198,26.78,10.54,37.2,830,1075,310
2024-07-31,2525,27.09,14.7,32.2,916,2351,27.1,15.1,31.08,906,946,323
2024-08-01,2457,32.1,20.5,33.44,939,2264,32.79,22.1,33.02,923,740,418
2024-08-02,2345,24.8,10.57,33.71,796,2161,25.43,10.67,34.32,787,1052,277
2024-08-03,2364,25.73,12.79,31.29,813,2218,25.98,13.15,31.64,806,993,267
2024-08-04,2279,17.91,7.56,26.73,650,2131,18.2,7.74,27.25,639,1201,127
2024-08-05,2519,13.51,5.31,20.96,519,2361,13.42,5.24,20.88,512,1544,104
2024-08-06,2389,30.72,17.96,35.42,877,2201,30.7,18.49,34.24,861,788,361
2024-08-07,2320,32.89,16.97,40.43,868,2170,33.17,17.62,39.38,860,838,400
2024-08-08,2273,29.22,15.62,35.43,781,2114,29.92,16.54,35.98,769,823,309
2024-08-09,2264,30.46,14.82,38.71,835,2078,30.07,14.51,37.43,818,865,346
2024-08-10,2412,21.38,7.36,32.25,645,2246,21.89,7.32,33.04,636,1279,241
2024-08-11,2524,15.71,5.02,24.39,506,2398,15.68,4.96,24.28,501,1509,143
2024-08-12,2272,25.67,12.56,32.14,800,2117,25.9,12.79,32.25,784,940,270
2024-08-13,2722,15.85,5.57,23.93,592,2521,15.59,5.32,22.96,576,1564,149
2024-08-14,2590,31.32,13.9,39.08,856,2371,31.66,14.5,38.77,844,1021,440
2024-08-15,2732,29.28,13.56,37.92,916,2545,30.3,14.56,38.65,902,1093,416
2024-08-16,2471,40.41,23.36,44.17,1117,2278,41.61,25.11,44.28,1100,628,572
2024-08-17,2461,46.11,29.4,48.7,1222,2294,47.44,31.05,49.12,1205,572,656
2024-08-18,2422,23.47,10.03,31.47,699,2255,23.44,9.96,30.76,684,1129,260
2024-08-19,2283,31.67,14.79,39.4,820,2124,32.11,15.52,39.11,812,875,396
2024-08-20,2320,34.74,13.99,43.62,927,2154,35.67,14.97,43.91,914,897,481
2024-08-21,2504,18.69,7.69,26.35,589,2335,18.2,7.61,24.29,570,1294,175
2024-08-22,2150,35.41,16.83,42.54,811,1993,36.69,17.82,43.44,802,794,447
2024-08-23,2493,29.33,13.92,34.83,806,2320,29.99,14.48,35.38,797,998,405
2024-08-24,2410,43.77,27.88,45.29,1134,2235,45.39,29.12,45.98,1119,549,652
2024-08-25,2114,29.05,15.89,34.01,785,1971,29.97,17.39,34.49,775,745,300
2024-08-26,2339,18.55,9.39,24.16,669,2189,18.44,9.2,23.94,662,1148,130
2024-08-27,2417,30.45,13.75,39.84,802,2240,30.74,13.75,39.89,792,973,369
2024-08-28,2508,29.37,15.24,34.6,906,2335,29.27,15.38,33.37,889,971,377
2024-08-29,2730,19.83,9.16,24.99,815,2556,19.84,9.32,24.67,805,1309,213
2024-08-30,2502,35.15,21.73,37.43,1170,2303,36.15,22.72,37.74,1151,706,479
2024-08-31,2624,24.86,14.19,27.93,1005,2444,25.33,14.89,27.31,1000,968,270
2024-09-01,2247,45.65,23.48,52.96,1014,2096,47.32,24.93,53.9,997,645,595
2024-09-02,2329,49.95,35.13,49.89,1195,2131,52.24,38.55,50.83,1174,511,738
2024-09-03,2647,32.71,18.82,36.41,1165,2466,33.19,19.71,36.37,1149,909,460
2024-09-04,2588,49.36,24.36,57.32,1291,2390,51.52,26.9,58.57,1274,705,745
2024-09-05,2663,42.59,28.86,42.37,1358,2471,43.78,31.64,42.47,1330,616,704
2024-09-06,2730,32.57,18.9,36.46,1091,2553,33.19,19.56,36.92,1072,917,484
2024-09-07,2404,66.11,39.17,72.8,1579,2263,68.59,42.01,73.74,1563,525,914
2024-09-08,2595,28.17,14.76,33.55,1045,2442,29.14,15.66,34.02,1038,926,351
2024-09-09,2529,58.85,32.18,67.95,1464,2367,60.72,33.97,68.61,1445,541,783
2024-09-10,2232,37.87,22.78,40.26,1052,2072,38.78,24.18,40.84,1044,620,489
2024-09-11,2416,14.45,6.89,18.55,503,2282,14.19,6.82,17.45,497,1362,83
2024-09-12,2291,25.11,11.82,32.38,752,2151,25.59,12.24,32.81,745,977,279
2024-09-13,2172,28.81,14.42,33.67,726,2038,29.28,14.87,33.99,713,861,336
2024-09-14,2377,15.55,6.84,19.97,716,2250,15.61,6.96,20.02,709,1298,101
2024-09-15,2111,21.95,10.04,29.69,642,1982,22.37,10.2,30.14,636,978,201
2024-09-16,2348,18.21,9.23,22.59,760,2201,18.38,9.35,22.73,748,1136,146
2024-09-17,2434,39.65,23.33,42.34,1169,2251,40.69,24.38,42.92,1146,618,550
2024-09-18,2537,23.9,13.68,29.22,1014,2389,24.08,13.97,29.28,1002,962,228
2024-09-19,2569,17.97,9.72,23.6,755,2393,17.56,9.6,21.67,745,1233,120
2024-09-20,2376,41.89,18.36,51.56,1036,2200,43.29,19.32,52.52,1027,803,593
2024-09-21,2447,29.78,16.64,34.59,1052,2292,30.78,17.97,35.2,1045,887,386
2024-09-22,2381,23.79,6.85,43.04,760,2252,23.66,6.79,42.64,737,1275,240
2024-09-23,2552,24.58,15.77,25.22,881,2385,25.23,16.73,25.35,872,888,237
2024-09-24,2402,25.19,11.59,32.05,840,2248,25.59,11.84,32.31,825,1047,301
2024-09-25,2419,30.37,16.96,35.18,945,2245,30.97,17.43,35.47,934,784,367
2024-09-26,2216,33.3,19.02,37.18,982,2074,33.86,20.41,37.19,973,670,399
2024-09-27,2449,36.85,20.04,43.99,953,2271,38.1,21.32,44.74,941,811,512
2024-09-28,2398,33.66,17.08,40.7,1037,2238,34.14,17.87,40.58,1026,889,453
2024-09-29,2401,24.93,10.83,35.23,805,2250,25.45,11.09,35.79,796,1071,281
2024-09-30,2395,18.01,8.16,25.85,723,2274,17.92,8.2,25.34,717,1254,138
2024-10-01,2314,43.24,17.42,55.24,867,2151,44.38,17.59,56.39,853,932,622
2024-10-02,2386,27.82,15.34,32.13,853,2214,28.32,15.81,31.98,846,897,342
2024-10-03,2057,23.5,11.23,31.53,672,1918,23.94,11.38,32.22,666,877,199
2024-10-04,2207,42.95,22.25,52.62,986,2018,44.44,24.21,52.85,976,629,535
2024-10-05,2504,20.66,10.1,26.37,775,2344,20.71,10.31,25.91,767,1152,201
2024-10-06,2293,32.33,14.57,42.05,835,2148,32.51,14.67,41.97,822,890,403
2024-10-07,2429,22.15,11.07,26.36,840,2279,22.38,11.33,26.46,838,1085,212
2024-10-08,2651,21.74,8.17,33.38,756,2500,22.18,8.33,33.91,751,1333,247
2024-10-09,2374,34.1,19.78,36.64,1049,2213,34.97,20.87,37.08,1039,721,442
2024-10-10,2548,27.72,15.29,32.4,943,2376,28.1,15.72,32.48,929,927,334
2024-10-11,2254,47.28,30.95,47.37,1136,2101,48.16,32.34,47.49,1119,453,626
2024-10-12,2325,38.92,26.88,38.34,1081,2163,39.76,28.82,38.0,1071,544,518
2024-10-13,2529,18.36,6.44,28.06,557,2343,18.61,6.49,28.31,552,1387,197
2024-10-14,2323,30.43,15.35,36.99,955,2181,31.2,15.99,37.56,942,911,399
2024-10-15,2621,25.1,12.55,31.89,880,2473,25.48,12.76,32.11,870,1110,300
2024-10-16,2730,13.42,5.71,20.49,622,2595,13.2,5.71,19.05,617,1679,98
2024-10-17,2570,31.56,12.47,44.65,1039,2405,32.07,12.77,45.15,1020,1071,421
2024-10-18,2398,38.66,20.8,46.57,1178,2229,39.92,22.12,46.83,1168,747,510
2024-10-19,2397,51.39,25.66,64.07,1328,2245,53.26,27.27,65.11,1309,629,664
2024-10-20,2097,44.21,26.63,46.68,936,1951,46.21,29.03,47.49,928,467,552
2024-10-21,2929,17.25,6.37,25.46,672,2774,17.26,6.21,25.52,668,1666,197
2024-10-22,2451,20.93,7.69,36.92,669,2297,20.27,7.64,29.41,660,1270,213
2024-10-23,2362,27.36,11.62,36.5,852,2180,28.01,11.95,37.15,841,1009,333
2024-10-24,2516,16.04,5.29,24.44,537,2370,15.81,5.21,23.89,533,1506,145
2024-10-25,2288,24.46,10.57,32.88,747,2150,24.91,10.54,33.49,741,1050,268
2024-10-26,2401,22.59,11.53,26.94,769,2253,22.9,11.72,27.2,761,1040,232
2024-10-27,2108,43.77,22.08,54.38,906,1954,44.68,23.14,55.12,887,617,485
2024-10-28,2292,33.94,21.4,38.09,1084,2133,34.05,22.22,37.03,1077,630,381
2024-10-29,2431,18.67,5.46,29.38,636,2260,18.35,5.22,28.87,629,1390,189
2024-10-30,2192,46.59,18.51,64.17,1023,2053,47.03,18.34,64.19,997,847,561
2024-10-31,2501,35.73,11.63,51.34,1140,2332,36.56,11.73,52.14,1130,1086,518
2024-11-01,2680,23.45,7.29,37.87,849,2499,23.98,7.06,38.83,838,1403,316
2024-11-02,2557,20.95,10.07,27.55,733,2421,20.92,9.9,27.63,719,1215,198
2024-11-03,2130,30.02,13.8,37.6,738,2010,31.06,14.74,38.32,734,849,362
2024-11-04,2145,39.01,21.28,44.03,1048,2001,40.25,22.67,44.41,1039,614,496
2024-11-05,2207,38.67,22.13,43.8,929,2040,39.97,23.34,44.78,916,596,471
2024-11-06,2412,15.83,6.06,25.15,610,2242,15.77,5.94,25.4,603,1406,129
2024-11-07,2215,38.11,16.89,49.79,888,2060,39.24,17.4,50.71,877,809,504
2024-11-08,2267,27.36,12.7,35.01,847,2132,27.78,12.77,35.25,834,963,323
2024-11-09,2417,14.58,4.49,24.43,616,2280,14.71,4.37,24.58,608,1495,126
2024-11-10,2270,24.07,12.27,30.7,612,2137,24.41,12.79,30.8,605,960,239
2024-11-11,2213,24.07,11.61,32.53,781,2058,23.36,11.3,29.68,778,973,228
2024-11-12,2141,33.64,18.44,38.87,819,2003,34.0,18.81,39.41,808,742,379
2024-11-13,2383,25.29,11.88,33.45,862,2206,25.4,11.36,33.96,849,1052,256
2024-11-14,2535,17.86,3.96,30.85,577,2326,18.11,3.74,31.4,563,1542,225
2024-11-15,2495,14.54,5.34,21.84,590,2324,13.54,5.03,19.37,580,1494,95
2024-11-16,2196,37.33,19.23,44.5,1057,2074,37.96,20.2,44.65,1044,752,479
2024-11-17,2247,19.23,5.77,31.12,573,2088,18.41,5.46,28.28,559,1257,174
2024-11-18,2324,21.12,9.45,27.57,660,2155,21.07,9.54,26.98,657,1108,196
2024-11-19,2475,24.7,9.68,35.66,757,2305,24.38,9.27,34.85,740,1183,267
2024-11-20,2218,62.29,33.89,73.01,1188,2041,65.25,37.34,74.51,1179,431,768
2024-11-21,2234,31.11,17.55,34.34,807,2045,32.03,18.54,34.3,796,708,361
2024-11-22,2498,19.92,8.48,26.33,786,2310,19.71,8.57,25.41,772,1219,188
2024-11-23,2184,52.36,18.21,76.49,1070,2027,53.67,18.98,77.05,1059,783,554
2024-11-24,1990,39.03,21.73,44.24,797,1859,39.94,22.97,44.68,787,607,451
2024-11-25,2443,20.41,10.47,25.36,718,2281,20.22,10.39,25.05,712,1126,162
2024-11-26,2130,22.95,10.09,37.07,895,1972,23.16,10.23,37.45,870,975,189
2024-11-27,2426,31.15,12.19,40.5,877,2239,32.05,12.7,41.09,869,1035,445
2024-11-28,2182,55.2,24.32,66.84,1146,2020,56.96,25.87,67.93,1126,606,694
2024-11-29,2449,33.75,21.07,36.43,993,2264,34.03,22.04,35.25,981,678,415
2024-11-30,2530,28.53,15.27,34.86,927,2342,28.6,15.3,34.96,915,938,350
2024-12-01,2297,29.09,13.4,36.03,838,2151,29.18,13.44,35.81,831,936,347
2024-12-02,2221,40.21,19.4,48.91,975,2057,41.68,21.1,49.84,964,752,526
2024-12-03,2499,16.84,8.05,21.77,636,2327,17.04,8.22,21.81,628,1277,122
2024-12-04,2383,19.8,8.85,25.86,771,2202,20.33,9.42,26.31,765,1125,182
2024-12-05,2799,35.25,18.72,39.91,1219,2598,36.72,20.67,40.47,1207,926,618
2024-12-06,2353,38.7,18.82,47.17,1216,2149,39.24,19.58,47.09,1200,750,508
2024-12-07,2342,36.81,20.97,40.87,1118,2190,37.96,22.34,41.22,1109,683,493
2024-12-08,2428,15.18,5.66,22.47,508,2288,15.34,5.73,22.63,505,1437,136
2024-12-09,2357,38.04,13.14,51.65,988,2178,39.58,13.64,53.04,980,985,520
2024-12-10,2294,33.08,13.99,41.01,916,2122,33.8,14.36,41.47,904,934,456
2024-12-11,2532,11.19,3.7,18.15,451,2389,11.01,3.6,17.85,444,1714,94
2024-12-12,2526,32.1,15.75,39.04,1048,2375,33.21,17.33,39.51,1029,954,473
2024-12-13,2601,31.16,15.92,39.46,985,2427,31.99,16.91,39.86,972,954,413
2024-12-14,2333,47.41,28.6,52.66,1134,2148,48.89,29.99,52.07,1122,501,641
2024-12-15,2091,33.13,21.8,33.57,851,1953,34.41,23.27,34.05,842,544,348
2024-12-16,2612,23.99,11.1,31.17,781,2425,24.23,11.42,31.32,772,1129,258
2024-12-17,2234,65.12,16.88,94.76,1281,2007,67.61,18.43,95.98,1246,849,680
2024-12-18,2359,49.31,24.72,63.03,1136,2156,50.97,26.96,63.76,1121,701,659
2024-12-19,2612,22.9,8.45,32.85,805,2433,23.11,8.63,32.95,788,1279,281
2024-12-20,2424,34.41,16.54,41.62,969,2228,35.89,19.49,42.29,956,889,493
2024-12-21,2319,25.17,12.39,31.85,841,2156,25.96,13.42,32.26,838,923,255
2024-12-22,2243,28.4,14.84,36.4,714,2082,28.69,15.39,36.24,704,830,288
2024-12-23,2522,21.63,8.49,34.19,808,2336,21.06,8.32,30.02,790,1260,227
2024-12-24,2238,13.11,4.0,21.72,445,2092,13.23,3.96,22.08,439,1458,98
2024-12-25,2145,16.18,5.95,25.37,457,2008,15.5,5.83,22.92,448,1242,119
2024-12-26,2027,15.94,6.17,25.21,448,1893,15.99,6.13,24.24,442,1141,107
2024-12-27,2529,13.01,4.54,20.47,407,2361,12.62,4.4,19.97,402,1602,92
2024-12-28,2276,20.21,9.1,26.41,557,2140,20.49,9.36,26.37,555,1097,184
2024-12-29,2202,18.35,8.32,23.63,508,2060,18.51,8.47,23.65,501,1118,145
2024-12-30,2361,26.09,10.64,34.8,639,2204,26.5,10.64,34.99,632,1079,324
2024-12-31,3357,27.88,11.91,36.4,903,3211,28.27,12.14,36.63,891,1472,530
2025-01-01,3226,39.46,9.81,72.43,3709,3015,40.67,10.04,73.88,3653,1506,589
2025-01-02,2492,17.81,7.52,26.34,597,2306,17.29,7.53,24.03,590,1299,142
2025-01-03,2411,20.86,10.07,27.22,649,2238,20.76,10.09,26.95,641,1113,186
2025-01-04,2499,12.13,4.89,18.61,412,2353,12.01,4.85,18.43,404,1583,70
2025-01-05,2221,27.78,13.73,33.2,680,2079,28.61,14.42,33.86,673,890,311
2025-01-06,2412,30.74,15.24,37.07,911,2228,31.89,16.63,37.57,900,879,397
2025-01-07,2464,23.47,13.98,27.69,853,2280,23.78,14.18,28.16,847,933,209
2025-01-08,2376,35.91,20.84,39.92,1022,2183,37.0,22.07,39.85,1000,670,473
2025-01-09,2530,11.59,4.37,18.23,495,2331,11.02,4.15,16.91,493,1632,68
2025-01-10,2523,18.3,7.18,28.52,540,2304,17.44,6.74,26.16,529,1368,153
2025-01-11,2317,25.03,12.27,32.56,642,2156,25.33,12.58,32.27,633,974,252
2025-01-12,2468,13.71,3.65,22.18,467,2332,13.68,3.44,21.83,460,1556,129
2025-01-13,2526,19.61,9.42,25.71,712,2358,19.65,9.59,24.61,704,1201,193
2025-01-14,2418,22.09,9.99,29.27,739,2233,21.76,10.06,27.92,727,1114,208
2025-01-15,2247,34.28,18.53,38.5,905,2057,35.33,19.8,39.1,888,704,434
2025-01-16,2526,18.63,10.34,22.72,752,2341,17.97,10.25,21.03,733,1151,118
2025-01-17,2628,9.86,3.62,17.19,426,2480,9.51,3.51,16.18,418,1884,56
2025-01-18,2401,27.16,8.48,38.57,706,2256,27.84,8.55,39.24,694,1181,375
2025-01-19,2318,24.46,10.96,32.31,738,2171,24.93,11.3,32.86,729,1024,263
2025-01-20,2736,14.22,5.76,23.39,533,2563,13.32,5.54,19.46,519,1667,92
2025-01-21,2554,18.96,9.14,25.75,661,2371,18.25,9.06,23.02,649,1244,144
2025-01-22,2463,25.7,11.97,31.49,859,2269,26.31,13.07,31.57,847,1007,318
2025-01-23,2330,31.06,18.65,35.18,990,2165,31.37,19.32,34.61,977,724,356
2025-01-24,2538,32.92,22.49,32.49,1044,2306,33.39,24.13,31.62,1032,638,390
2025-01-25,2740,22.67,8.93,31.25,739,2573,22.61,9.06,30.73,728,1324,294
2025-01-26,2326,27.07,13.0,33.64,696,2179,27.53,13.38,33.9,687,946,306
2025-01-27,2522,38.37,20.02,45.2,1128,2356,39.0,20.29,45.74,1113,812,552
2025-01-28,2724,13.3,6.34,18.32,685,2515,12.9,6.22,17.28,678,1562,76
2025-01-29,2470,28.6,16.51,31.88,1409,2296,29.33,17.47,32.17,1396,853,346
2025-01-30,2446,33.36,17.76,37.88,998,2273,34.45,19.05,38.6,987,833,460
2025-01-31,2373,41.44,25.72,43.59,1105,2154,43.0,27.67,44.23,1082,540,556
2025-02-01,2342,39.83,26.32,41.02,1055,2148,41.74,28.61,41.7,1042,485,527
2025-02-02,2456,11.55,4.48,18.7,447,2324,11.26,4.42,18.23,439,1620,58
2025-02-03,2533,37.45,19.24,45.04,1062,2351,38.15,20.45,45.26,1041,892,553
2025-02-04,2269,41.76,18.37,53.59,978,2095,43.53,19.89,54.73,962,778,530
2025-02-05,2470,14.23,5.83,22.58,549,2296,13.81,5.73,21.27,540,1485,98
2025-02-06,2498,24.31,12.77,29.04,721,2330,24.29,13.07,28.18,706,1026,263
2025-02-07,2356,23.34,11.1,30.12,722,2176,23.4,11.36,28.83,705,1015,241
2025-02-08,2334,25.37,14.02,29.02,748,2195,25.89,14.35,29.4,742,902,285
2025-02-09,2150,28.59,18.14,31.28,740,1996,29.14,18.88,31.11,729,673,260
2025-02-10,2645,23.7,11.71,32.75,809,2473,23.69,11.98,32.12,802,1127,236
2025-02-11,2375,22.18,11.66,26.91,780,2189,22.18,11.75,26.54,771,1009,208
2025-02-12,2269,33.17,17.51,39.01,982,2108,34.24,18.34,39.76,969,786,414
2025-02-13,2466,27.52,12.23,35.91,761,2300,27.98,12.41,36.43,750,1047,350
2025-02-14,2429,32.89,18.26,38.62,972,2256,33.54,18.75,38.97,954,813,434
2025-02-15,2405,37.94,17.36,47.57,1024,2246,39.27,18.88,48.33,1014,834,519
2025-02-16,2329,25.38,14.8,28.17,731,2181,26.0,15.28,28.53,725,882,261
2025-02-17,2508,35.92,22.11,37.62,1068,2332,36.88,23.57,38.0,1053,769,528
2025-02-18,2689,16.3,7.58,23.02,619,2506,16.03,7.46,21.62,610,1457,128
2025-02-19,2488,27.38,13.01,34.7,766,2277,27.79,13.64,34.56,746,987,335
2025-02-20,2405,36.8,19.2,43.3,1160,2233,37.95,21.07,43.84,1145,886,548
2025-02-21,2825,16.27,6.69,24.38,743,2687,16.1,6.62,24.08,734,1601,142
2025-02-22,2519,38.71,16.68,49.42,1019,2352,40.19,18.15,49.35,1015,886,583
2025-02-23,2381,32.2,15.99,39.39,808,2234,33.1,16.7,40.18,800,887,416
2025-02-24,2414,39.86,23.67,41.56,1152,2232,40.95,24.9,41.63,1138,578,581
2025-02-25,2512,20.9,11.78,24.25,874,2322,21.03,11.93,24.34,861,1045,163
2025-02-26,2791,14.53,7.01,19.3,609,2577,13.84,6.77,17.13,591,1546,78
2025-02-27,2508,36.17,15.84,48.81,1002,2324,36.92,16.5,49.23,975,917,470
2025-02-28,2380,39.48,20.41,44.78,1117,2175,41.06,22.85,45.26,1103,774,596
2025-03-01,2703,21.21,8.8,28.8,742,2547,21.4,8.82,29.2,723,1346,261
2025-03-02,2346,15.56,6.8,20.91,533,2196,15.63,6.76,20.78,526,1293,103
2025-03-03,2308,38.86,18.12,47.67,934,2152,40.04,19.06,48.51,910,842,539
2025-03-04,2319,31.62,18.56,33.41,960,2164,32.34,19.22,33.96,924,717,401
2025-03-05,2418,25.64,15.78,28.44,809,2253,25.6,16.04,28.03,783,844,239
2025-03-06,2540,15.87,7.36,21.2,695,2364,15.64,7.46,20.27,675,1384,114
2025-03-07,2646,32.66,18.48,37.25,1060,2420,33.07,19.18,37.19,1049,827,442
2025-03-08,2401,33.99,16.5,42.57,889,2244,34.2,17.12,42.43,870,885,442
2025-03-09,2329,21.8,7.96,32.27,655,2180,22.3,7.84,32.9,649,1197,236
2025-03-10,2634,37.01,21.04,40.93,1213,2446,37.85,22.49,40.87,1195,822,571
2025-03-11,2320,39.89,20.16,46.7,1041,2152,41.29,21.45,47.54,1029,802,584
2025-03-12,2184,51.85,32.44,53.19,1153,1998,53.78,34.14,53.76,1139,415,678
2025-03-13,2021,41.16,25.97,44.25,1022,1838,42.23,27.94,44.2,1005,464,451
2025-03-14,2532,23.97,10.82,32.04,713,2339,24.45,11.14,32.51,703,1123,278
2025-03-15,2370,30.4,10.06,50.0,783,2218,30.97,10.23,50.43,775,1096,350
2025-03-16,2356,20.53,8.15,30.89,651,2223,20.59,8.25,31.04,647,1221,189
2025-03-17,2546,20.39,8.9,27.16,856,2389,20.34,8.91,26.66,844,1261,211
2025-03-18,2336,21.84,8.56,31.79,636,2180,22.06,8.81,31.3,627,1151,225
2025-03-19,2361,45.66,20.06,55.84,1167,2221,46.76,20.68,56.61,1151,866,678
2025-03-20,2461,39.35,25.22,42.98,1234,2293,39.98,26.3,42.83,1215,661,534
2025-03-21,2513,40.0,26.94,40.15,1058,2310,41.3,28.77,40.27,1044,533,583
2025-03-22,2694,18.39,7.88,24.86,601,2514,18.35,8.02,24.56,595,1377,177
2025-03-23,2342,27.85,12.55,35.09,706,2186,28.34,13.3,35.05,701,973,358
2025-03-24,2373,44.45,17.76,58.82,1172,2183,45.89,18.09,60.11,1151,898,607
2025-03-25,2650,15.27,5.28,23.2,597,2474,14.59,5.11,21.38,588,1591,124
2025-03-26,2423,22.6,10.06,28.03,726,2275,23.21,11.08,28.5,717,1106,261
2025-03-27,2281,28.73,10.74,42.0,768,2158,28.87,10.6,42.26,758,1043,334
2025-03-28,2486,35.59,23.8,35.37,1053,2310,36.12,25.32,34.62,1040,617,465
2025-03-29,2297,44.97,25.45,48.76,1109,2103,47.47,28.69,49.41,1098,520,645
2025-03-30,2256,16.91,6.36,25.65,631,2128,17.18,6.23,26.04,621,1284,160
2025-03-31,2406,28.59,13.6,35.74,878,2245,29.34,14.31,36.13,869,957,367
2025-04-01,2287,46.91,25.75,55.7,1157,2131,47.71,27.3,53.81,1141,720,648
2025-04-02,2595,12.12,5.4,16.73,509,2433,11.85,5.24,16.27,504,1605,63
2025-04-03,2617,21.82,7.33,32.69,824,2441,22.12,7.33,33.07,813,1367,269
2025-04-04,2784,32.07,12.77,42.27,1018,2562,33.01,13.43,43.15,995,1152,510
2025-04-05,2573,25.65,14.97,28.68,880,2430,25.83,15.06,29.0,868,952,289
2025-04-06,2220,28.16,14.67,35.09,687,2086,28.38,15.07,34.63,681,844,300
2025-04-07,2695,9.48,3.41,16.79,468,2547,9.16,3.26,15.36,464,1980,57
2025-04-08,2731,10.99,4.31,18.78,498,2573,10.63,4.08,18.73,489,1891,63
2025-04-09,2343,25.76,9.28,36.02,737,2188,26.24,9.47,36.41,724,1113,315
2025-04-10,2779,13.46,3.59,21.86,504,2593,13.17,3.29,21.55,497,1794,129
2025-04-11,2532,12.58,5.83,16.82,547,2377,12.73,5.92,16.82,541,1500,69
2025-04-12,2508,25.05,12.15,30.09,794,2342,25.55,13.34,30.06,778,1034,318
2025-04-13,2297,20.28,11.13,23.03,608,2156,20.63,11.42,23.29,605,993,154
2025-04-14,2635,17.3,7.81,23.52,649,2481,17.17,7.74,23.09,643,1381,134
2025-04-15,2612,13.76,5.22,21.13,468,2457,13.48,5.05,20.56,463,1618,106
2025-04-16,2616,21.66,9.14,30.94,649,2416,21.53,8.86,30.62,633,1277,243
2025-04-17,2572,22.36,9.07,31.3,831,2397,22.61,9.2,31.54,814,1236,250
2025-04-18,2275,13.73,3.75,22.25,404,2132,13.73,3.56,22.33,398,1440,116
2025-04-19,2329,15.06,6.41,20.92,514,2191,15.22,6.47,20.97,509,1304,102
2025-04-20,2394,22.44,12.91,25.94,778,2230,22.74,13.29,26.05,763,978,199
2025-04-21,2141,22.61,11.76,28.61,575,2038,22.83,11.98,28.77,569,927,196
2025-04-22,2282,30.48,15.82,36.12,894,2126,31.59,16.93,36.81,887,787,352
2025-04-23,2424,18.94,9.59,24.62,588,2258,18.87,9.6,24.5,576,1151,140
2025-04-24,2312,22.21,11.47,27.26,619,2160,22.05,11.43,26.97,609,1010,210
2025-04-25,2457,24.82,12.32,30.34,680,2290,25.12,12.56,30.5,676,1044,284
2025-04-26,2511,12.47,3.67,21.22,451,2390,12.45,3.58,21.28,449,1705,101
2025-04-27,2230,19.5,8.14,25.77,586,2095,19.49,8.15,25.75,583,1133,182
2025-04-28,2673,20.13,8.31,28.46,709,2512,20.13,8.41,28.56,693,1345,209
2025-04-29,2633,18.0,8.33,24.85,667,2464,18.09,8.33,24.74,657,1361,175
2025-04-30,2727,25.6,13.51,30.32,817,2527,26.17,14.19,30.34,806,1019,314
2025-05-01,2881,13.44,5.9,18.71,536,2711,13.26,5.92,17.63,529,1710,83
2025-05-02,3080,14.26,5.09,21.22,651,2851,14.22,4.98,21.01,645,1809,126
2025-05-03,2802,12.03,4.7,17.26,510,2663,11.98,4.56,17.38,495,1830,82
2025-05-04,2243,9.43,3.49,16.06,344,2117,9.18,3.31,15.93,341,1639,51
2025-05-05,2391,25.0,10.04,33.51,694,2254,25.26,10.04,33.37,684,1125,294
2025-05-06,2934,13.71,5.53,20.0,582,2779,13.5,5.31,19.6,572,1796,119
2025-05-07,2540,30.4,12.51,42.88,889,2343,30.86,12.51,43.25,874,1061,377
2025-05-08,2192,14.8,5.73,21.4,506,2056,14.79,5.64,21.41,497,1281,107
2025-05-09,2606,23.28,9.26,33.05,768,2433,23.53,9.21,33.37,754,1249,288
2025-05-10,2386,23.11,11.63,28.98,837,2233,23.35,12.09,28.53,829,1013,232
2025-05-11,2471,17.41,5.82,27.55,611,2298,17.29,5.76,26.81,604,1432,166
2025-05-12,2686,11.31,3.97,17.94,466,2519,11.27,3.84,17.88,456,1820,82
2025-05-13,2528,24.75,8.28,34.94,760,2349,24.95,8.12,34.92,741,1276,332
2025-05-14,2750,15.89,6.48,22.67,602,2555,15.61,6.17,22.4,591,1587,148
2025-05-15,2588,23.14,11.85,29.05,738,2399,23.17,11.6,28.86,727,1114,237
2025-05-16,2239,33.12,15.07,43.47,861,2072,33.73,15.39,43.94,850,865,391
2025-05-17,2409,12.29,4.69,18.7,532,2282,12.11,4.65,18.19,528,1576,75
2025-05-18,2381,17.3,6.23,25.63,462,2219,17.08,5.95,25.18,454,1341,157
2025-05-19,2434,14.6,5.36,23.06,489,2286,14.17,5.24,22.51,476,1473,96
2025-05-20,2905,16.44,6.16,25.19,615,2734,15.46,5.8,22.28,596,1707,156
2025-05-21,2713,29.23,12.51,37.01,862,2499,30.0,12.98,37.32,847,1125,429
2025-05-22,2597,18.29,7.78,25.49,624,2454,18.06,7.54,25.03,617,1396,186
2025-05-23,2387,30.12,16.83,34.98,821,2221,30.44,17.04,35.16,808,821,345
2025-05-24,2447,28.15,14.76,33.36,810,2288,28.63,15.15,33.64,794,938,338
2025-05-25,2344,14.05,5.5,21.91,474,2187,13.95,5.36,21.86,468,1422,85
2025-05-26,2589,22.03,8.86,28.99,789,2402,21.88,8.85,28.69,777,1256,256
2025-05-27,2416,30.21,12.36,41.49,791,2249,30.9,12.92,42.28,774,1013,406
2025-05-28,2605,14.37,5.61,23.45,578,2429,13.77,5.48,21.76,566,1575,100
2025-05-29,2431,16.56,7.95,21.17,562,2291,16.65,7.97,21.2,551,1263,119
2025-05-30,2642,33.32,16.8,41.04,1011,2459,34.19,17.54,41.59,992,945,487
2025-05-31,2639,33.36,19.1,40.98,1017,2456,33.56,19.61,40.45,1005,834,434
2025-06-01,2551,41.58,27.46,42.91,1080,2398,42.61,28.99,43.14,1073,606,619
2025-06-02,2785,16.06,5.74,24.74,639,2590,15.31,5.68,21.86,629,1616,145
2025-06-03,2851,20.73,8.83,28.02,758,2634,20.34,8.99,26.36,743,1376,221
2025-06-04,2641,22.38,9.31,30.28,703,2468,22.79,9.33,30.83,693,1271,289
2025-06-05,2760,15.13,4.93,25.84,578,2574,14.7,4.75,25.49,565,1691,144
2025-06-06,2731,23.71,9.84,31.58,880,2538,24.2,10.08,31.76,865,1267,328
2025-06-07,2655,18.18,7.54,26.3,636,2494,17.82,7.3,24.02,618,1421,167
2025-06-08,2358,25.53,10.92,35.07,647,2209,25.95,11.18,34.92,639,1051,293
2025-06-09,2070,23.16,12.41,26.0,653,1931,23.59,13.11,25.86,650,852,213
2025-06-10,2697,9.7,4.5,13.83,537,2537,9.59,4.47,13.17,530,1844,33
2025-06-11,2424,29.88,11.65,39.96,764,2236,30.99,12.28,40.77,749,1013,400
2025-06-12,2506,22.4,9.06,29.99,712,2329,22.59,9.04,30.02,706,1208,264
2025-06-13,2906,14.74,4.85,22.98,580,2728,14.68,4.62,22.83,567,1729,135
2025-06-14,2716,21.36,10.16,26.17,753,2576,21.73,10.58,26.25,747,1243,238
2025-06-15,2511,21.63,8.57,30.34,611,2352,21.82,8.63,30.35,603,1247,226
2025-06-16,2277,34.41,18.07,40.51,862,2132,35.01,18.91,40.78,844,763,441
2025-06-17,2526,38.2,15.25,51.65,1079,2357,39.2,15.57,52.57,1067,957,552
2025-06-18,2846,13.43,4.7,19.91,523,2670,13.07,4.55,19.16,516,1792,99
2025-06-19,2704,22.29,6.34,36.66,696,2516,22.42,5.98,36.81,685,1510,311
2025-06-20,2749,20.93,6.74,32.43,759,2565,20.74,6.52,30.84,747,1478,267
2025-06-21,2898,23.0,11.38,27.24,851,2726,23.38,11.62,27.42,841,1264,296
2025-06-22,2728,19.42,7.75,27.73,671,2579,19.21,7.77,25.86,664,1431,207
2025-06-23,3741,49.65,15.44,82.28,2954,3464,51.44,15.75,84.5,2916,1403,757
2025-06-24,2725,26.72,13.11,33.42,835,2517,27.0,13.11,33.84,820,1106,355
2025-06-25,2582,28.29,14.95,33.56,959,2377,28.84,15.35,34.2,946,950,356
2025-06-26,2757,40.66,7.52,100.85,2000,2551,41.83,7.28,103.86,1871,1459,338
2025-06-27,1922,35.72,12.35,72.62,753,1739,37.21,12.51,75.64,722,777,281
2025-06-28,2405,42.27,21.17,52.89,1025,2218,44.14,22.83,54.16,995,781,598
2025-06-29,1487,27.45,13.95,33.37,518,1366,28.0,14.38,33.77,468,588,200
2025-06-30,2671,61.28,30.32,72.31,1511,2472,63.38,32.63,73.77,1485,731,924
2025-07-01,2821,28.83,17.3,31.38,1117,2634,29.05,17.61,31.52,1108,983,387
2025-07-02,2899,49.4,31.22,52.1,1373,2680,51.1,33.62,52.94,1351,630,838
2025-07-03,2619,50.02,27.37,58.13,1435,2417,51.73,29.39,58.59,1415,706,774
2025-07-04,2912,20.51,7.99,28.69,799,2734,20.37,7.93,28.09,788,1504,262
2025-07-05,2787,36.76,16.44,48.44,1109,2618,37.58,17.31,48.73,1097,1028,574
2025-07-06,2604,28.03,9.92,39.56,845,2410,28.76,9.94,40.38,830,1209,398
2025-07-07,2816,14.9,6.29,22.21,637,2619,14.72,6.15,21.92,626,1625,132
2025-07-08,2572,35.39,13.18,45.44,912,2382,36.4,14.08,46.03,906,1065,568
2025-07-09,2425,28.9,12.95,39.71,828,2291,28.9,13.03,39.7,819,1042,349
2025-07-10,2356,52.99,33.16,54.48,1198,2176,55.53,36.72,54.94,1182,485,769
2025-07-11,2430,45.95,28.45,49.59,1101,2220,45.83,29.42,47.63,1081,615,636
2025-07-12,2806,20.16,8.64,25.04,738,2640,20.19,8.6,25.07,731,1410,224
2025-07-13,2558,29.39,14.61,35.48,818,2383,30.03,15.49,35.66,810,964,401
2025-07-14,2845,25.88,13.04,31.36,890,2677,25.68,13.21,29.44,879,1193,363
2025-07-15,2949,12.51,4.31,20.66,507,2758,12.2,4.08,20.46,498,2000,134
2025-07-16,2440,45.36,14.06,62.77,1053,2253,46.85,15.06,63.94,1045,1010,637
2025-07-17,2420,28.63,13.54,35.58,848,2285,29.01,13.86,35.75,839,982,380
2025-07-18,2547,37.44,21.56,41.93,1186,2352,37.4,21.85,40.46,1163,750,549
2025-07-19,2573,53.38,31.23,61.19,1592,2411,55.54,34.37,62.21,1581,595,815
2025-07-20,2777,21.77,6.65,31.93,768,2620,22.08,6.6,32.38,757,1484,310
2025-07-21,2778,26.78,10.9,38.9,832,2581,27.19,11.02,39.5,827,1243,323
2025-07-22,2628,23.69,12.14,29.32,705,2440,23.97,12.49,29.55,689,1108,266
2025-07-23,2608,12.87,5.46,18.95,503,2420,12.6,5.26,18.79,495,1627,91
2025-07-24,2760,36.41,13.48,48.59,1050,2603,36.86,13.71,48.67,1037,1157,589
2025-07-25,2648,25.68,11.94,33.18,793,2484,26.07,11.99,33.54,788,1134,338
2025-07-26,2608,28.88,16.46,32.61,914,2467,29.48,17.16,32.89,898,933,380
2025-07-27,2376,41.31,26.9,42.18,1012,2238,42.43,28.38,42.55,996,561,597
2025-07-28,2641,19.62,7.46,29.24,663,2492,19.25,7.28,28.2,652,1446,186
2025-07-29,2292,27.75,10.89,37.43,714,2137,28.49,11.44,37.91,701,1018,346
2025-07-30,2523,24.89,10.11,35.03,672,2370,24.97,10.04,35.05,661,1184,292
2025-07-31,2340,16.86,6.91,25.71,525,2170,16.82,6.86,25.48,512,1292,143
2025-08-01,2278,28.5,12.99,35.32,743,2121,28.73,13.28,35.08,736,915,349
2025-08-02,2304,29.21,12.53,38.19,718,2149,29.2,12.69,37.83,706,965,360
2025-08-03,2119,15.87,8.39,20.34,561,1973,15.41,8.06,19.74,547,1108,86
2025-08-04,2162,33.1,17.54,39.49,796,2031,34.23,18.62,40.27,789,720,394
2025-08-05,2431,20.8,7.65,30.73,630,2285,20.4,7.67,29.24,625,1297,220
2025-08-06,2444,17.55,8.82,22.54,570,2283,17.6,8.83,21.94,563,1213,152
2025-08-07,2414,27.99,12.8,34.52,858,2247,28.57,13.29,34.95,840,975,363
2025-08-08,2644,15.85,5.5,24.49,500,2483,15.67,5.38,24.3,490,1583,156
2025-08-09,2454,39.45,19.68,48.1,904,2283,40.32,20.53,48.23,895,821,555
2025-08-10,2244,29.68,14.07,36.48,715,2110,30.14,14.12,37.05,706,908,359
2025-08-11,2629,23.83,12.93,27.95,797,2477,24.16,13.07,28.25,779,1082,266
2025-08-12,2350,39.38,21.82,45.67,868,2197,40.87,23.26,46.54,859,703,530
2025-08-13,2765,18.62,7.09,28.49,611,2603,18.68,7.08,28.53,599,1493,195
2025-08-14,2685,21.52,9.54,28.04,682,2512,21.82,9.78,28.19,672,1271,252
2025-08-15,2694,32.11,17.7,37.35,946,2515,32.42,17.96,37.47,938,985,471
2025-08-16,2804,15.54,5.46,22.94,628,2656,15.16,5.09,22.29,617,1681,150
2025-08-17,2553,23.55,9.74,35.22,667,2411,23.61,9.75,35.02,659,1219,249
2025-08-18,2555,22.47,9.1,33.79,621,2414,22.47,9.07,33.15,613,1253,243
2025-08-19,2454,27.33,15.48,30.48,712,2271,27.73,15.65,30.88,703,878,305
2025-08-20,2330,36.18,21.02,39.99,890,2182,37.02,21.64,40.74,873,678,476
2025-08-21,2711,11.64,4.51,17.15,450,2581,11.34,4.44,16.54,443,1792,74
2025-08-22,2326,18.1,7.57,24.68,544,2165,17.82,7.25,24.4,535,1213,137
2025-08-23,2258,19.73,7.67,28.3,528,2107,19.43,7.35,28.03,524,1213,190
2025-08-24,2367,9.36,2.81,18.8,319,2222,9.3,2.65,18.86,315,1760,67
2025-08-25,2212,17.84,8.36,23.88,519,2056,17.95,8.09,24.26,515,1131,131
2025-08-26,2390,16.41,6.93,22.77,474,2255,16.12,6.73,21.99,465,1311,125
2025-08-27,2375,26.39,14.39,30.51,679,2214,26.59,14.6,30.61,673,878,288
2025-08-28,2333,27.56,13.9,32.85,701,2192,27.92,14.12,33.21,689,941,329
2025-08-29,2560,12.64,3.47,22.78,449,2417,12.11,3.28,21.58,448,1732,112
2025-08-30,2458,23.02,12.36,28.61,703,2309,23.49,12.51,29.02,691,1016,249
2025-08-31,2419,21.2,8.59,28.12,626,2260,21.32,8.51,28.17,618,1202,229
2025-09-01,2802,13.15,4.99,19.16,492,2656,13.05,4.84,19.03,482,1778,106
2025-09-02,2328,31.03,11.15,40.96,730,2165,31.61,11.23,41.29,721,1050,413
2025-09-03,2453,32.77,14.59,42.23,908,2301,33.28,14.9,42.7,896,982,444
2025-09-04,2350,34.12,20.61,36.24,886,2203,35.27,21.46,36.94,874,697,462
2025-09-05,2145,41.8,24.26,45.76,972,1997,43.44,26.3,46.67,965,595,524
2025-09-06,2566,26.11,9.71,36.39,866,2406,26.68,10.04,36.37,854,1202,361
2025-09-07,2439,22.87,12.35,27.48,699,2285,22.89,12.45,27.37,683,1032,220
2025-09-08,2388,35.13,16.48,42.75,871,2234,35.61,16.8,42.79,857,909,501
2025-09-09,2884,14.02,4.49,25.6,586,2687,13.68,4.33,25.39,574,1867,130
2025-09-10,2438,47.06,18.32,62.8,1035,2258,49.13,20.6,64.19,1023,865,663
2025-09-11,2527,32.37,15.37,39.54,1016,2342,33.01,16.28,38.86,1004,943,478
2025-09-12,2484,28.99,16.5,34.18,888,2313,29.17,16.85,34.35,878,851,333
2025-09-13,2337,39.25,20.78,47.84,1010,2170,40.34,22.62,47.79,993,671,482
2025-09-14,2423,15.16,5.11,24.64,541,2291,14.98,5.0,24.1,529,1474,106
2025-09-15,2463,24.63,11.75,29.86,714,2318,25.23,12.05,30.39,702,1047,305
2025-09-16,2507,16.04,6.73,21.98,564,2349,15.65,6.33,21.33,546,1394,121
2025-09-17,2600,10.96,3.8,17.84,421,2453,10.51,3.64,17.0,412,1808,63
2025-09-18,2315,34.44,18.09,41.14,837,2154,34.88,19.24,40.5,825,777,431
2025-09-19,2460,42.44,21.61,50.79,1152,2285,42.95,22.29,50.46,1138,827,615
2025-09-20,2772,27.59,14.32,34.69,884,2603,28.02,14.58,34.84,872,1065,356
2025-09-21,2633,39.36,22.79,44.11,1097,2440,40.39,24.11,44.84,1089,740,589
2025-09-22,2456,15.43,6.15,22.29,577,2300,15.48,6.1,22.47,572,1390,121
2025-09-23,2645,16.88,7.17,22.92,585,2474,17.04,7.12,23.08,578,1452,153
2025-09-24,2444,34.77,11.02,47.77,827,2285,34.74,10.98,47.03,805,1115,507
2025-09-25,2545,14.95,3.99,26.72,545,2378,14.33,3.78,25.55,536,1658,153
2025-09-26,2338,28.32,12.86,35.74,791,2204,28.71,12.92,36.21,785,966,361
2025-09-27,2494,26.15,13.03,31.6,860,2312,26.72,13.7,31.69,852,985,323
2025-09-28,2437,29.6,14.89,37.16,686,2273,29.86,15.1,36.77,675,927,358
2025-09-29,2322,30.32,14.63,39.07,791,2133,31.14,15.27,39.73,785,883,359
2025-09-30,2607,12.53,4.82,19.23,499,2482,12.3,4.71,19.07,495,1705,91
2025-10-01,2422,23.8,12.17,29.54,734,2260,24.04,12.32,29.8,719,1024,264
2025-10-02,2423,30.05,14.95,35.94,882,2264,30.06,14.88,35.5,871,938,385
2025-10-03,2487,13.36,5.85,19.0,485,2352,13.05,5.64,18.22,477,1497,85
2025-10-04,2483,18.01,7.64,25.77,605,2335,18.02,7.62,25.68,602,1344,171
2025-10-05,2314,11.32,4.39,16.32,391,2190,11.09,4.27,15.97,381,1521,51
2025-10-06,2364,35.88,21.15,38.92,890,2188,36.81,22.66,39.32,883,768,505
2025-10-07,2469,38.29,20.46,45.53,1043,2291,39.08,21.24,45.91,1029,849,559
2025-10-08,2576,23.44,11.16,30.08,717,2421,23.47,11.21,29.51,703,1148,272
2025-10-09,2389,26.25,14.41,31.27,824,2230,26.88,15.68,30.91,818,880,296
2025-10-10,2565,25.27,9.61,36.23,898,2395,25.18,9.37,35.59,883,1230,322
2025-10-11,2594,22.06,10.56,29.28,836,2460,21.75,10.67,27.7,828,1193,232
2025-10-12,2251,25.34,9.98,35.3,671,2095,25.93,10.46,35.91,663,1032,285
2025-10-13,2504,37.64,19.3,45.62,921,2310,38.63,20.04,46.58,905,848,527
2025-10-14,2361,29.37,17.41,33.5,827,2220,29.37,17.6,33.39,820,792,309
2025-10-15,2329,35.84,19.21,42.81,830,2162,36.63,20.1,42.73,822,745,451
2025-10-16,2559,13.41,5.27,20.62,499,2410,12.99,5.13,19.9,493,1601,97
2025-10-17,2367,22.29,8.68,30.41,668,2216,22.34,8.38,30.64,661,1161,236
2025-10-18,2513,19.79,6.71,29.5,584,2361,19.26,6.62,28.62,577,1375,203
