dispatchcode_hauptbeschwerde_name,anzahl
Sturz / Absturz,5781
Bewusstlosigkeit / Ohnmacht (Beinahe-),3952
Atembeschwerden,3621
Kranke Person (Spezielle Krankheitsbilder),2929
Brustschmerzen / Andere Beschwerden in der Brust (Nicht Traumatisch),2870
Verletzungen,2534
Psychiatrie / Abnormales Verhalten / Suizidversuch,2516
"Bauchschmerzen,-beschwerden",2122
Überdosis / Vergiftung (Einnahme),2065
Herzbeschwerden / Implantierter Defibrillator,1945
Blutung / Wunden,1629
Schlaganfall / Transitorische Ischämische Attacke (TIA),1391
Krampfanfall,1001
Körperverletzung / Sexualdelikt / Elektroschocker,874
Rückenschmerzen (Nicht traumatische Rückenschmerzen oder ältere Verletzung),785
Unklares Geschehen (Person in Notlage),760
Verkehrsunfall,733
Anforderung von Rettungsmittel durch Versorgungseinrichtung / Palliative Medizin / Einweisung,591
"Allergie (Überreaktion) / Kontakt mit giftigen Tieren (Stiche, Bisse)",457
Kopfschmerzen,405
"Kreislauf-, Atemstillstand / Tote Person",379
Schwangerschaft / Geburt / Fehlgeburt,374
Blutzuckerentgleisungen,237
Augenprobleme / Verletzungen,102
Atemwegsverlegung (Durch Fremdkörper),93
Verbrennungen (Verbrühungen) / Explosion (Detonation),78
Stromunfall / Blitzschlag,51
"Stich-, Schuss-, Pfählungsverletzung",50
Tierbiss / Tierangriff,37
AUM (Automatische Unfallmeldung),27
Hitze- / Kälteeinwirkung,20
Kohlenmonoxid / Inhalation / Gefahrgut / CBRN,13
Ertrinken / Beinahe-Ertrinken / Kopfsprung / Gerätetauchunfall,3
Unzugängliche / Verschüttete / Eingeklemmte / Eingeschlossene Person (Nicht verkehrsbedingt),2
